-- phpMyAdmin SQL Dump
-- version 4.0.10.14
-- http://www.phpmyadmin.net
--
-- 主机: localhost:3306
-- 生成日期: 2016-05-06 00:25:24
-- 服务器版本: 5.6.30
-- PHP 版本: 5.4.31

SET SQL_MODE = "NO_AUTO_VALUE_ON_ZERO";
SET time_zone = "+00:00";


/*!40101 SET @OLD_CHARACTER_SET_CLIENT=@@CHARACTER_SET_CLIENT */;
/*!40101 SET @OLD_CHARACTER_SET_RESULTS=@@CHARACTER_SET_RESULTS */;
/*!40101 SET @OLD_COLLATION_CONNECTION=@@COLLATION_CONNECTION */;
/*!40101 SET NAMES utf8 */;

--
-- 数据库: `hcheng17_cssabasketball`
--

-- --------------------------------------------------------

--
-- 表的结构 `Game`
--

CREATE TABLE IF NOT EXISTS `Game` (
  `ID` int(3) unsigned NOT NULL AUTO_INCREMENT,
  `Team1` varchar(35) NOT NULL,
  `Score1` int(3) NOT NULL,
  `Team2` varchar(35) NOT NULL,
  `Score2` int(3) NOT NULL,
  `Date` date NOT NULL,
  PRIMARY KEY (`ID`),
  KEY `Team1` (`Team1`),
  KEY `Team2` (`Team2`)
) ENGINE=InnoDB  DEFAULT CHARSET=latin1 AUTO_INCREMENT=56 ;

--
-- 转存表中的数据 `Game`
--

INSERT INTO `Game` (`ID`, `Team1`, `Score1`, `Team2`, `Score2`, `Date`) VALUES
(3, 'GYZers', 42, 'PHD', 20, '2015-10-03'),
(4, 'ChiXinJueDui', 42, 'NiShuoDeDui', 24, '2015-10-03'),
(5, 'Mars', 12, 'GUTS', 16, '2015-10-03'),
(6, 'PHD', 39, 'Mars', 7, '2015-10-03'),
(7, 'SPLASH', 29, 'SPA', 26, '2015-10-03'),
(8, 'BIG TOTOROS', 29, 'Baby ChiNam', 53, '2015-10-03'),
(9, 'Why Not', 34, 'Empire Taste', 22, '2015-10-03'),
(10, 'WSND', 45, 'Eastern Knights', 22, '2015-10-03'),
(11, 'Redeemers 2.0', 12, 'Blackjack', 15, '2015-10-03'),
(12, 'ChiXinJueDui', 10, 'Gyzers', 34, '2015-10-09'),
(13, 'NiShuoDeDui', 22, 'Guts', 20, '2015-10-09'),
(14, 'Baby Chinam', 51, 'SPLASH', 42, '2015-10-09'),
(15, 'BIG TOTOROS', 32, 'Why Not', 34, '2015-10-09'),
(16, 'Redeemers 2.0', 16, 'WSND', 19, '2015-10-09'),
(17, 'Eastern Knights', 32, 'Dog', 14, '2015-10-09'),
(18, 'Dog', 11, 'GGDaDaDer', 38, '2015-10-09'),
(19, 'Blackjack', 27, 'GGDaDaDer', 37, '2015-10-09'),
(20, 'ChiXinJueDui', 44, 'Mars', 16, '2015-10-10'),
(21, 'PHD', 19, 'Guts', 8, '2015-10-10'),
(22, 'Gyzers', 54, 'NiShuoDeDui', 22, '2015-10-10'),
(23, 'Eastern Knights', 13, 'GGDaDaDer', 28, '2015-10-10'),
(24, 'WSND', 38, 'Blackjack', 24, '2015-10-10'),
(25, 'Redeemers 2.0', 28, 'Dog', 16, '2015-10-10'),
(26, 'Baby Chinam ', 32, 'SPA', 21, '2015-10-10'),
(27, 'Why Not', 33, 'SPLASH', 35, '2015-10-10'),
(28, 'Empire Taste', 0, 'SPA', 30, '2015-10-09'),
(29, 'Empire Taste', 0, 'BIG TOTOROS', 30, '2015-10-10'),
(30, 'Eastern Knights', 16, 'Blackjack', 30, '2015-10-16'),
(31, 'WSND', 39, 'Dog', 12, '2015-10-16'),
(32, 'Redeemers 2.0', 29, 'GGDaDaDer', 30, '2015-10-16'),
(33, 'Baby Chinam', 48, 'Why Not', 25, '2015-10-16'),
(34, 'Big Totoros', 22, 'SPA', 33, '2015-10-16'),
(35, 'SPLASH', 30, 'Empire Taste', 0, '2015-10-16'),
(36, 'PHD', 35, 'NiShuoDeDui', 28, '2015-10-16'),
(37, 'Gyzers', 42, 'Mars', 11, '2015-10-16'),
(38, 'ChiXinJueDui', 29, 'Guts', 12, '2015-10-16'),
(39, 'Gyzers', 53, 'Guts', 21, '2015-10-17'),
(40, 'PHD', 31, 'ChiXinJueDui', 23, '2015-10-17'),
(41, 'NiShuoDeDui', 31, 'Mars', 26, '2015-10-17'),
(42, 'SPA', 24, 'WHY NOT', 20, '2015-10-17'),
(43, 'Big Totoros', 22, 'Splash', 24, '2015-10-17'),
(44, 'Baby Chinam ', 30, 'Empire Taste', 0, '2015-10-17'),
(45, 'Eastern Knights', 17, 'Redeemers 2.0', 33, '2015-10-17'),
(46, 'WSND', 33, 'GGDADADER', 27, '2015-10-17'),
(47, 'Blackjack', 33, 'Dog', 24, '2015-10-17'),
(48, 'Gyzers', 82, 'Chixinjuedui', 38, '2015-10-23'),
(49, 'GGDaDaDer', 47, 'PHD', 51, '2015-10-23'),
(50, 'Baby Chinam', 57, 'SPA', 45, '2015-10-23'),
(51, 'SPLASH', 39, 'WSND', 48, '2015-10-23'),
(52, 'Baby Chinam', 53, 'WSND', 36, '2015-10-30'),
(53, 'Gyzers', 57, 'PHD', 28, '2015-10-30'),
(54, 'WSND', 63, 'PHD', 44, '2015-11-01'),
(55, 'Gyzers', 59, 'Baby Chinam', 48, '2015-11-01');

-- --------------------------------------------------------

--
-- 表的结构 `Player`
--

CREATE TABLE IF NOT EXISTS `Player` (
  `Name` varchar(35) NOT NULL,
  `TeamName` varchar(35) NOT NULL,
  `Number` varchar(2) NOT NULL,
  `Position` varchar(50) NOT NULL,
  PRIMARY KEY (`TeamName`,`Number`)
) ENGINE=InnoDB DEFAULT CHARSET=latin1;

--
-- 转存表中的数据 `Player`
--

INSERT INTO `Player` (`Name`, `TeamName`, `Number`, `Position`) VALUES
('Ruohao Liu', 'Baby ChiNam', '0', 'F'),
('Jason Wong', 'Baby ChiNam', '1', 'G'),
('Alex Liu', 'Baby ChiNam', '10', 'G'),
('Huy Nguyen', 'Baby ChiNam', '11', 'G'),
('Alex Liu', 'Baby Chinam', '12', 'G'),
('unknown', 'Baby ChiNam', '16', ''),
('Terence He', 'Baby ChiNam', '2', 'F'),
('Chill Dennis K', 'Baby Chinam', '21', 'G'),
('Cory Wong', 'Baby ChiNam', '3', 'F'),
('Nguyen Huy', 'Baby Chinam', '30', 'G'),
('Unknown', 'Baby ChiNam', '5', ''),
('Dennis Chiu', 'Baby ChiNam', '6', 'F'),
('Unknown', 'Baby ChiNam', '7', ''),
('Alex Dam', 'Baby ChiNam', '8', 'G'),
('Arthur Lin', 'Baby ChiNam', '9', 'F'),
('Lishen He', 'BIG TOTOROS', '1', 'F'),
('Hongxu Dong', 'BIG TOTOROS', '10', 'G'),
('Liqun LU', 'BIG TOTOROS', '13', 'G'),
('Ruofei Zou', 'BIG TOTOROS', '2', 'F'),
('Xiao Ma', 'BIG TOTOROS', '22', 'F'),
('Chengfang Duan', 'BIG TOTOROS', '6', 'G'),
('Xin Li', 'BIG TOTOROS', '7', 'G'),
('Teng Li', 'BIG TOTOROS', '8', 'G'),
('Duyang Feng', 'BIG TOTOROS', '9', 'F'),
('Shuangnan Jiang', 'Blackjack', '0', ''),
('Xiaoming Lang', 'Blackjack', '1', ''),
('Unknown', 'Blackjack', '10', 'G'),
('Zhixun Zhou', 'Blackjack', '11', ''),
('Shengyuan Zhong', 'Blackjack', '2', ''),
('Unknown', 'Blackjack', '21', 'C'),
('Quangang Zhou', 'Blackjack', '3', ''),
('Unknown', 'Blackjack', '4', ''),
('Meng Wang', 'Blackjack', '5', ''),
('Shengwei Cai', 'Blackjack', '6', ''),
('Ruilong Zhang', 'Blackjack', '7', ''),
('Tong Wu', 'Blackjack', '8', ''),
('Weijie Yang', 'Blackjack', '9', ''),
('Justin Lin', 'ChiXinJueDui', '10', 'G'),
('Chun Yen Liu', 'ChiXinJueDui', '11', 'G'),
('Micheal Hou', 'ChiXinJueDui', '12', 'F'),
('Jui-Ting Hsu', 'ChiXinJueDui', '13', 'F'),
('Shao-An Lee', 'ChiXinJueDui', '2', 'F'),
('Yangwei Gao', 'ChiXinJueDui', '25', 'G'),
('Ping-Tse Tao', 'ChiXinJueDui', '3', 'F'),
('Christopher Ku', 'ChiXinJueDui', '4', 'F'),
('Chia-Han Liu', 'ChiXinJueDui', '5', 'G'),
('Raymond Yu', 'ChiXinJueDui', '6', 'F'),
('Zhengboyang Gao', 'Dog', '1', ''),
('Zemeng Jia', 'Dog', '11', ''),
('Peiyuan Zhao', 'Dog', '12', ''),
('Kaijun Zhu', 'Dog', '14', ''),
('Zhiyuan Zheng', 'Dog', '15', ''),
('Zhao Wang', 'Dog', '19', ''),
('Beiming Yang', 'Dog', '20', ''),
('Zhengping Wang', 'Dog', '3', ''),
('Chen Zhong', 'Dog', '30', ''),
('Zunan Sun', 'Dog', '33', ''),
('Zhangqi Xu', 'Dog', '34', ''),
('Muqi Zou', 'Dog', '8', ''),
('Yan Ma', 'Eastern Knights', '0', 'F'),
('Mingrui Xu', 'Eastern Knights', '1', 'G'),
('Jinhuan Li', 'Eastern Knights', '10', 'F'),
('Xiaodong Bu', 'Eastern Knights', '11', 'C'),
('Wenran Wang', 'Eastern Knights', '2', 'F'),
('Yiming Zheng', 'Eastern Knights', '3', 'G'),
('Xu Sun', 'Eastern Knights', '4', 'G'),
('Xiangyang Xie', 'Eastern Knights', '5', 'F'),
('Dashan Li', 'Eastern Knights', '6', 'F'),
('Xingning Wei', 'Eastern Knights', '7', 'F'),
('Chi Sun', 'Eastern Knights', '8', 'G'),
('Zhide Fang', 'Eastern Knights', '9', 'F'),
('Earl Man', 'Empire Taste', '0', 'F'),
('Alexander T Park', 'Empire Taste', '1', 'F'),
('Trevor Grenzaga', 'Empire Taste', '10', 'G'),
('Robert Huang', 'Empire Taste', '2', 'G'),
('Bing Wang', 'Empire Taste', '3', 'F'),
('Matthew Hon', 'Empire Taste', '4', 'G'),
('Dengmui Mei', 'Empire Taste', '5', 'F'),
('Unknown', 'GGDaDaDer', '0', ''),
('Yu-Tsun Shao', 'GGDaDaDer', '1', 'G'),
('Jun-Li Lin', 'GGDaDaDer', '10', ''),
('Curtis Wang', 'GGDaDaDer', '15', ''),
('Po-Yiu Liao', 'GGDaDaDer', '2', 'G'),
('Unknown', 'GGDaDaDer', '22', 'F'),
('Zheng Ma', 'GGDaDaDer', '24', ''),
('Shang Chew Yu', 'GGDaDaDer', '3', ''),
('Chih-Chi Chu', 'GGDaDaDer', '4', ''),
('Yifu Guo', 'GUTS', '0', 'G'),
('Unknown', 'GUTS', '1', ''),
('Rui Zhang', 'GUTS', '10', 'G'),
('Guanye Wang', 'GUTS', '11', 'G'),
('Zijun Wei', 'GUTS', '12', 'F'),
('Yuxin Hao', 'GUTS', '2', 'F'),
('Zhiyi Zhang', 'GUTS', '24', 'F'),
('Yifeng Ding', 'GUTS', '3', 'F'),
('Unknown', 'GUTS', '4', ''),
('Ruiyang Ding', 'GUTS', '40', 'F'),
('Hongyi Xu', 'GUTS', '5', 'G'),
('Jiajun Li', 'GUTS', '6', 'F'),
('Tianfang Fang', 'GUTS', '7', 'C'),
('Unknown', 'GUTS', '8', ''),
('Yangwei Gao', 'GUTS', '9', 'F'),
('Zhanzequn Yuan', 'GYZers', '0', 'G'),
('Shenyu Wu', 'GYZers', '1', 'F'),
('Jinian Xiao', 'GYZers', '11', 'C'),
('Zeyu Wu', 'GYZers', '12', 'F'),
('Unknown', 'GYZers', '13', ''),
('SBB', 'GYZers', '16', 'F'),
('Zijian Zhang', 'GYZers', '17', 'F'),
('Ruoyao Zhang', 'GYZers', '18', 'F'),
('Xinyan Zhou', 'GYZers', '23', 'F'),
('Zihao Xie', 'GYZers', '27', 'F'),
('Chenghua Pan', 'GYZers', '29', 'F'),
('Kaihao Yang', 'GYZers', '3', 'G'),
('Ruoyan Zhang', 'GYZers', '33', 'G'),
('Zhaobin Liu', 'GYZers', '34', 'F'),
('Yiwen Xie', 'GYZers', '5', 'F'),
('Unknown', 'GYZers', '7', ''),
('Xincheng Zhou', 'GYZers', '8', 'G'),
('Jiahao Chen', 'GYZers', '9', 'F'),
('Siyu Tao', 'MARS', '0', 'G'),
('Zhen Mu', 'MARS', '1', 'G'),
('Xiaochang Ma', 'MARS', '10', 'C'),
('Nan Dong', 'MARS', '13', 'C'),
('Junlin Zhang', 'MARS', '17', 'F'),
('SB2', 'MARS', '19', 'G'),
('Unknown', 'MARS', '2', ''),
('Yicong Zhou', 'MARS', '24', 'G'),
('Jingtian Zhou', 'MARS', '28', 'F'),
('SB', 'MARS', '3', 'G'),
('Yifan Ping', 'MARS', '4', 'G'),
('Sida Pan', 'MARS', '5', 'F'),
('Hang Yu', 'MARS', '6', 'C'),
('Kaidong Peng', 'MARS', '7', 'G'),
('Diwen Shi', 'MARS', '9', 'F'),
('Yan Wang', 'NiShuoDeDui', '0', 'G'),
('Haichuan Xu', 'NiShuoDeDui', '1', 'F'),
('Ning Xu', 'NiShuoDeDui', '10', 'G'),
('Unknown', 'NiShuoDeDui', '11', ''),
('Unknown', 'NiShuoDeDui', '2', ''),
('Rui An', 'NiShuoDeDui', '3', 'F'),
('Unknown', 'NiShuoDeDui', '4', ''),
('Zujie Wu', 'NiShuoDeDui', '5', 'F'),
('Zhenhao Piao', 'NiShuoDeDui', '6', 'F'),
('Yu Zhang', 'NiShuoDeDui', '7', 'G'),
('Zihan Zhang', 'NiShuoDeDui', '8', 'F'),
('Kewei Sui', 'NiShuoDeDui', '9', 'G'),
('Zhe Li', 'PHD', '0', 'G'),
('Lifeng Yang', 'PHD', '1', 'F'),
('Ye Xin', 'PHD', '10', 'G'),
('Unknown', 'PHD', '11', ''),
('Jiu Xu', 'PHD', '13', 'F'),
('Kailiang Li', 'PHD', '21', 'G'),
('Yiping Wang', 'PHD', '23', 'F'),
('Nanxin Xu', 'PHD', '24', 'F'),
('Zhenduo Zhu', 'PHD', '28', ''),
('Junhao Su', 'PHD', '3', 'G'),
('Boyi Guo', 'PHD', '34', 'F'),
('Qu Lu', 'PHD', '7', 'C'),
('Chen Liao', 'PHD', '91', 'F'),
('Unkn', 'Redeemers 2.0', '11', ''),
('Hoyin Man', 'Redeemers 2.0', '13', ''),
('Ho Tin Chiu', 'Redeemers 2.0', '14', ''),
('Zhourui Ni', 'Redeemers 2.0', '17', ''),
('Chunyiu Law', 'Redeemers 2.0', '21', ''),
('James Zhu', 'Redeemers 2.0', '23', ''),
('Samuel Kim', 'Redeemers 2.0', '3', ''),
('Samuel Wu', 'Redeemers 2.0', '30', ''),
('Kawin NG', 'Redeemers 2.0', '38', ''),
('Godfrey Kok Sum Cham ', 'Redeemers 2.0', '4', ''),
('Chun Fung Wat', 'Redeemers 2.0', '5', ''),
('Hubert Wong', 'Redeemers 2.0', '7', ''),
('Can Hui Yuen', 'Redeemers 2.0', '8', ''),
('Isaac Kilis', 'Redeemers 2.0', '9', ''),
('Yuanzhou Lin', 'SPA', '0', 'F'),
('Lifeng Li', 'SPA', '1', 'G'),
('Ye Yang', 'SPA', '11', 'G'),
('Zihao Guo', 'SPA', '15', 'C'),
('Hanjin Zhu', 'SPA', '25', 'F'),
('Zijie Xu', 'SPA', '27', 'G'),
('Jianghao', 'SPA', '3', 'G'),
('Siyang Fu', 'SPA', '34', 'G'),
('Tianxin Tong', 'SPA', '7', 'F'),
('SB', 'SPA', '8', 'G'),
('Yilun Fang', 'SPA', '99', 'F'),
('Hsuan Wen Chang', 'Splash', '0', 'F'),
('Cheng Fang', 'Splash', '1', 'G'),
('Zhe Xu', 'Splash', '11', 'G'),
('Jinning Liu', 'Splash', '12', 'F'),
('Daguang Lin', 'Splash', '20', 'F'),
('Chi Zhang', 'Splash', '21', 'F'),
('Tianyi Tang', 'Splash', '3', 'G'),
('Anchu Zhu', 'Splash', '30', 'F'),
('Hongchao Hu', 'Splash', '33', 'F'),
('Zechen Sun', 'Splash', '5', 'G'),
('Edward Hsu', 'Splash', '78', 'F'),
('Minlong Chen', 'Why Not', '0', ''),
('Yingbo Liu', 'Why Not', '1', ''),
('Jinyuan Zhou', 'Why Not', '10', ''),
('Yue Wu', 'Why Not', '11', ''),
('Chiwen Li', 'Why Not', '14', 'G'),
('Jinyuan Zhou', 'Why Not', '18', 'G'),
('Qilong Zheng', 'Why Not', '2', ''),
('Ziwei Tan', 'Why Not', '23', 'G'),
('Chiwen LI', 'Why Not', '3', ''),
('Weikang Geng', 'Why Not', '30', 'G'),
('Weikang Geng', 'Why Not', '4', ''),
('Zeyu Li', 'Why Not', '5', ''),
('Yang Yue', 'Why Not', '6', 'C'),
('Tianning Zhao', 'Why Not', '7', ''),
('Ziwei Tan', 'Why Not', '8', ''),
('Ziqi Liu', 'Why Not', '9', ''),
('Yingbo Liu', 'Why Not', '99', 'G'),
('Jikai Yang', 'WSND', '1', 'G'),
('Lanwei Tan', 'WSND', '10', 'F'),
('Unknown', 'WSND', '2', ''),
('Heqing Yu', 'WSND', '22', 'G'),
('Qi Wu', 'WSND', '3', 'F'),
('Unknown', 'WSND', '30', ''),
('Bo Chen', 'WSND', '32', 'F'),
('Jiancheng Gao', 'WSND', '42', 'F'),
('Siyuan Guo', 'WSND', '6', 'F'),
('Yicheng Shao', 'WSND', '7', 'G');

-- --------------------------------------------------------

--
-- 表的结构 `PlayerStat`
--

CREATE TABLE IF NOT EXISTS `PlayerStat` (
  `GameID` int(3) unsigned DEFAULT NULL,
  `Team` varchar(35) DEFAULT NULL,
  `PlayerNumber` varchar(2) DEFAULT NULL,
  `FG` int(11) NOT NULL,
  `FGA` int(11) NOT NULL,
  `TPFG` int(11) NOT NULL,
  `TPFGA` int(11) NOT NULL,
  `FT` int(11) NOT NULL,
  `FTA` int(11) NOT NULL,
  `OREB` int(11) NOT NULL,
  `DREB` int(11) NOT NULL,
  `ASST` int(11) NOT NULL,
  `STL` int(11) NOT NULL,
  `BLK` int(11) NOT NULL,
  `TOVR` int(11) NOT NULL,
  `FOUL` int(11) NOT NULL,
  UNIQUE KEY `GameID` (`GameID`,`Team`,`PlayerNumber`),
  KEY `Team` (`Team`,`PlayerNumber`)
) ENGINE=InnoDB DEFAULT CHARSET=latin1;

--
-- 转存表中的数据 `PlayerStat`
--

INSERT INTO `PlayerStat` (`GameID`, `Team`, `PlayerNumber`, `FG`, `FGA`, `TPFG`, `TPFGA`, `FT`, `FTA`, `OREB`, `DREB`, `ASST`, `STL`, `BLK`, `TOVR`, `FOUL`) VALUES
(7, 'SPLASH', '11', 4, 6, 4, 6, 1, 1, 0, 3, 1, 0, 0, 0, 1),
(7, 'SPLASH', '0', 1, 2, 0, 1, 0, 0, 1, 0, 0, 0, 0, 0, 1),
(7, 'SPLASH', '78', 0, 1, 0, 0, 0, 0, 0, 0, 0, 0, 0, 0, 4),
(7, 'SPLASH', '5', 4, 8, 1, 3, 0, 2, 0, 7, 0, 0, 0, 2, 2),
(7, 'SPLASH', '3', 0, 3, 0, 2, 2, 2, 0, 3, 1, 1, 0, 0, 1),
(7, 'SPLASH', '20', 0, 0, 0, 0, 0, 0, 0, 0, 0, 0, 0, 0, 0),
(7, 'SPLASH', '30', 0, 0, 0, 0, 0, 0, 0, 0, 0, 0, 0, 0, 0),
(7, 'SPLASH', '12', 0, 0, 0, 0, 0, 0, 0, 0, 0, 0, 0, 0, 0),
(7, 'SPLASH', '1', 1, 1, 0, 0, 1, 3, 0, 3, 1, 0, 2, 0, 1),
(7, 'SPLASH', '21', 0, 0, 0, 0, 0, 0, 0, 0, 0, 0, 0, 0, 0),
(7, 'SPLASH', '33', 0, 0, 0, 0, 0, 0, 0, 0, 0, 0, 0, 0, 0),
(7, 'SPA', '1', 3, 6, 0, 0, 1, 2, 1, 3, 0, 4, 0, 2, 1),
(7, 'SPA', '3', 0, 2, 0, 2, 0, 0, 0, 0, 0, 0, 1, 1, 2),
(7, 'SPA', '7', 2, 10, 0, 1, 9, 14, 3, 2, 0, 0, 0, 2, 1),
(7, 'SPA', '15', 1, 2, 0, 0, 1, 2, 2, 1, 0, 0, 1, 0, 2),
(7, 'SPA', '99', 1, 7, 0, 1, 0, 2, 0, 0, 0, 1, 0, 2, 4),
(7, 'SPA', '27', 0, 1, 0, 1, 0, 0, 0, 1, 0, 0, 0, 1, 0),
(7, 'SPA', '0', 0, 0, 0, 0, 0, 0, 0, 0, 0, 0, 0, 0, 0),
(7, 'SPA', '34', 0, 1, 0, 1, 2, 2, 1, 0, 0, 1, 0, 0, 2),
(6, 'Mars', '9', 0, 3, 0, 2, 2, 2, 0, 1, 0, 1, 0, 2, 0),
(6, 'Mars', '17', 0, 1, 0, 0, 1, 2, 1, 3, 1, 1, 0, 3, 0),
(6, 'Mars', '10', 0, 1, 0, 0, 0, 2, 1, 4, 0, 0, 0, 0, 0),
(6, 'Mars', '4', 1, 7, 0, 3, 1, 2, 0, 2, 0, 0, 0, 3, 2),
(6, 'Mars', '13', 0, 0, 0, 0, 0, 0, 1, 0, 0, 0, 0, 0, 0),
(6, 'Mars', '7', 0, 4, 0, 2, 0, 1, 0, 3, 0, 0, 0, 0, 1),
(6, 'Mars', '24', 0, 3, 0, 0, 0, 0, 0, 0, 0, 0, 0, 2, 0),
(6, 'Mars', '3', 0, 0, 1, 0, 1, 0, 0, 0, 0, 0, 0, 0, 0),
(6, 'Mars', '28', 0, 0, 0, 0, 0, 0, 0, 0, 0, 0, 0, 1, 1),
(6, 'Mars', '0', 0, 4, 0, 3, 0, 0, 0, 0, 0, 0, 0, 0, 1),
(6, 'Mars', '2', 0, 1, 0, 0, 0, 0, 0, 0, 0, 0, 0, 0, 0),
(6, 'Mars', '1', 0, 3, 0, 0, 0, 2, 1, 0, 0, 0, 0, 0, 0),
(6, 'PHD', '10', 1, 5, 0, 1, 1, 2, 1, 1, 1, 2, 0, 0, 1),
(6, 'PHD', '23', 3, 8, 0, 1, 2, 2, 2, 3, 0, 0, 0, 1, 2),
(6, 'PHD', '24', 1, 1, 0, 0, 0, 0, 1, 0, 0, 0, 0, 1, 0),
(6, 'PHD', '0', 3, 9, 0, 0, 0, 0, 2, 6, 0, 0, 0, 1, 3),
(6, 'PHD', '21', 3, 7, 0, 0, 0, 0, 5, 2, 3, 1, 0, 0, 1),
(6, 'PHD', '28', 0, 3, 0, 0, 0, 0, 0, 1, 0, 0, 0, 0, 0),
(6, 'PHD', '91', 1, 1, 0, 0, 0, 0, 0, 0, 0, 0, 0, 0, 0),
(6, 'PHD', '34', 0, 2, 0, 0, 0, 0, 1, 1, 0, 1, 0, 0, 2),
(6, 'PHD', '3', 0, 2, 0, 0, 0, 0, 0, 4, 0, 0, 0, 0, 2),
(6, 'PHD', '13', 0, 0, 0, 0, 0, 0, 0, 1, 0, 1, 0, 0, 2),
(6, 'PHD', '1', 5, 7, 0, 0, 0, 0, 0, 2, 0, 1, 0, 1, 1),
(6, 'PHD', '7', 1, 3, 0, 1, 0, 0, 0, 0, 0, 0, 0, 0, 1),
(4, 'ChiXinJueDui', '5', 1, 6, 0, 1, 2, 4, 0, 1, 1, 0, 0, 3, 2),
(4, 'ChiXinJueDui', '4', 1, 5, 0, 3, 0, 0, 0, 1, 2, 0, 0, 2, 3),
(4, 'ChiXinJueDui', '2', 4, 6, 3, 5, 2, 4, 0, 2, 0, 1, 0, 2, 3),
(4, 'ChiXinJueDui', '10', 1, 4, 0, 0, 3, 3, 3, 1, 1, 2, 0, 0, 0),
(4, 'ChiXinJueDui', '25', 7, 10, 0, 0, 0, 1, 4, 4, 0, 1, 0, 2, 1),
(4, 'ChiXinJueDui', '3', 1, 3, 1, 1, 0, 0, 0, 0, 0, 2, 1, 1, 0),
(4, 'ChiXinJueDui', '13', 0, 1, 0, 0, 0, 0, 0, 0, 0, 0, 0, 0, 0),
(4, 'ChiXinJueDui', '12', 0, 1, 0, 1, 0, 0, 0, 0, 0, 0, 0, 0, 0),
(4, 'ChiXinJueDui', '11', 0, 0, 0, 0, 0, 0, 0, 0, 0, 0, 0, 0, 0),
(4, 'ChiXinJueDui', '6', 0, 0, 0, 0, 0, 0, 0, 0, 0, 0, 0, 0, 0),
(4, 'NiShuoDeDui', '7', 1, 3, 0, 0, 3, 5, 0, 3, 1, 1, 0, 2, 2),
(4, 'NiShuoDeDui', '1', 2, 5, 0, 0, 0, 0, 2, 2, 1, 1, 0, 1, 1),
(4, 'NiShuoDeDui', '3', 3, 10, 0, 2, 1, 2, 3, 2, 0, 0, 0, 0, 0),
(4, 'NiShuoDeDui', '10', 0, 1, 0, 0, 0, 0, 1, 2, 0, 0, 0, 0, 0),
(4, 'NiShuoDeDui', '0', 0, 2, 0, 1, 2, 2, 0, 2, 0, 0, 1, 1, 1),
(4, 'NiShuoDeDui', '8', 1, 2, 0, 1, 0, 0, 0, 1, 0, 0, 0, 0, 0),
(4, 'NiShuoDeDui', '6', 1, 4, 0, 2, 2, 3, 0, 1, 0, 0, 0, 0, 2),
(4, 'NiShuoDeDui', '5', 0, 0, 0, 0, 0, 0, 0, 0, 0, 0, 0, 1, 0),
(4, 'NiShuoDeDui', '9', 0, 1, 0, 0, 0, 0, 0, 0, 0, 1, 0, 2, 1),
(8, 'BIG TOTOROS', '13', 2, 4, 2, 3, 0, 0, 0, 1, 0, 0, 0, 0, 0),
(8, 'BIG TOTOROS', '6', 3, 8, 0, 4, 1, 2, 0, 1, 0, 0, 0, 2, 4),
(8, 'BIG TOTOROS', '22', 0, 3, 0, 2, 0, 0, 0, 1, 0, 0, 0, 2, 0),
(8, 'BIG TOTOROS', '2', 1, 3, 0, 0, 0, 0, 1, 3, 0, 0, 0, 0, 0),
(8, 'BIG TOTOROS', '9', 5, 10, 0, 1, 0, 0, 1, 2, 0, 0, 1, 0, 1),
(8, 'BIG TOTOROS', '1', 2, 10, 0, 6, 0, 0, 0, 0, 0, 1, 0, 0, 0),
(8, 'BIG TOTOROS', '10', 0, 1, 0, 1, 0, 0, 0, 0, 0, 0, 0, 3, 0),
(8, 'BIG TOTOROS', '7', 0, 0, 0, 0, 0, 0, 1, 2, 0, 0, 0, 1, 2),
(8, 'BIG TOTOROS', '8', 0, 0, 0, 0, 0, 0, 0, 0, 0, 0, 0, 1, 0),
(8, 'Baby ChiNam', '1', 3, 6, 0, 0, 0, 0, 2, 5, 0, 0, 0, 2, 2),
(8, 'Baby ChiNam', '16', 7, 12, 1, 1, 4, 5, 4, 1, 2, 5, 0, 0, 0),
(8, 'Baby ChiNam', '3', 4, 5, 1, 1, 0, 0, 3, 0, 0, 0, 0, 0, 1),
(8, 'Baby ChiNam', '11', 4, 10, 3, 9, 0, 0, 0, 2, 1, 0, 0, 3, 0),
(8, 'Baby ChiNam', '10', 2, 2, 0, 0, 0, 0, 1, 3, 0, 0, 0, 0, 0),
(8, 'Baby ChiNam', '2', 1, 1, 0, 0, 0, 0, 3, 1, 0, 0, 0, 1, 0),
(8, 'Baby ChiNam', '9', 0, 1, 0, 0, 0, 2, 0, 1, 0, 0, 0, 1, 0),
(8, 'Baby ChiNam', '8', 0, 1, 0, 0, 0, 0, 0, 0, 0, 1, 0, 1, 0),
(8, 'Baby ChiNam', '0', 1, 3, 0, 1, 0, 0, 0, 0, 0, 1, 0, 0, 0),
(9, 'Why not', '0', 4, 8, 0, 1, 0, 0, 0, 1, 0, 0, 1, 0, 0),
(9, 'Why not', '7', 4, 9, 1, 1, 2, 2, 0, 1, 1, 0, 0, 1, 0),
(9, 'Why not', '1', 3, 6, 0, 1, 0, 0, 1, 5, 0, 0, 0, 0, 0),
(9, 'Why not', '8', 1, 3, 0, 0, 0, 0, 1, 11, 0, 0, 1, 0, 0),
(9, 'Why not', '4', 3, 3, 1, 1, 0, 0, 0, 2, 6, 2, 0, 1, 0),
(9, 'Why not', '10', 0, 0, 0, 0, 0, 0, 0, 1, 0, 0, 0, 0, 0),
(9, 'Why not', '3', 0, 1, 0, 1, 0, 0, 0, 0, 0, 0, 0, 0, 0),
(9, 'Why not', '2', 0, 0, 0, 0, 0, 0, 0, 0, 0, 0, 0, 0, 0),
(9, 'Why not', '11', 0, 0, 0, 0, 0, 0, 0, 0, 0, 0, 0, 0, 0),
(9, 'Why not', '9', 0, 1, 0, 0, 0, 0, 0, 1, 0, 0, 0, 0, 0),
(9, 'Why not', '5', 0, 2, 0, 1, 0, 0, 0, 0, 0, 0, 0, 0, 1),
(9, 'Why not', '6', 0, 0, 0, 0, 0, 0, 0, 1, 0, 0, 0, 0, 0),
(9, 'Empire Taste', '10', 4, 12, 4, 7, 0, 0, 3, 1, 3, 4, 0, 4, 0),
(9, 'Empire Taste', '5', 1, 7, 0, 5, 0, 0, 0, 0, 0, 0, 0, 0, 1),
(9, 'Empire Taste', '1', 3, 12, 2, 7, 2, 4, 0, 4, 0, 1, 1, 1, 1),
(9, 'Empire Taste', '4', 0, 3, 0, 0, 0, 0, 1, 0, 1, 0, 0, 2, 1),
(9, 'Empire Taste', '2', 0, 1, 0, 0, 0, 0, 2, 0, 2, 2, 0, 0, 0),
(9, 'Empire Taste', '0', 0, 5, 0, 0, 0, 0, 0, 4, 4, 2, 0, 4, 1),
(9, 'Empire Taste', '3', 0, 0, 0, 0, 0, 0, 0, 0, 0, 0, 0, 1, 0),
(11, 'Redeemers 2.0', '4', 1, 8, 0, 4, 1, 3, 3, 0, 0, 3, 0, 1, 1),
(11, 'Redeemers 2.0', '23', 0, 1, 0, 0, 0, 0, 3, 3, 1, 0, 0, 2, 2),
(11, 'Redeemers 2.0', '9', 0, 1, 0, 0, 0, 2, 1, 1, 0, 0, 0, 0, 1),
(11, 'Redeemers 2.0', '8', 1, 4, 0, 1, 2, 3, 0, 1, 0, 0, 0, 0, 2),
(11, 'Redeemers 2.0', '13', 1, 7, 1, 4, 0, 2, 0, 2, 0, 1, 0, 0, 2),
(11, 'Redeemers 2.0', '17', 0, 0, 0, 0, 0, 0, 0, 0, 0, 0, 0, 0, 0),
(11, 'Redeemers 2.0', '5', 0, 0, 0, 0, 0, 0, 0, 0, 0, 0, 0, 0, 0),
(11, 'Redeemers 2.0', '3', 1, 1, 0, 0, 0, 0, 0, 0, 0, 1, 0, 1, 1),
(11, 'Redeemers 2.0', '30', 0, 0, 0, 0, 0, 0, 0, 0, 0, 0, 0, 1, 1),
(11, 'Redeemers 2.0', '14', 0, 0, 0, 0, 0, 0, 0, 0, 0, 0, 0, 0, 0),
(11, 'Redeemers 2.0', '7', 0, 2, 0, 1, 0, 0, 0, 0, 0, 0, 0, 0, 0),
(11, 'Redeemers 2.0', '21', 0, 0, 0, 0, 0, 0, 0, 0, 0, 0, 0, 0, 0),
(11, 'Blackjack', '8', 0, 3, 0, 1, 0, 0, 1, 3, 0, 0, 0, 1, 1),
(11, 'Blackjack', '1', 0, 1, 0, 0, 0, 2, 0, 0, 1, 0, 0, 1, 3),
(11, 'Blackjack', '9', 1, 4, 0, 0, 0, 0, 0, 1, 0, 0, 1, 0, 1),
(11, 'Blackjack', '10', 2, 6, 0, 0, 0, 0, 1, 1, 0, 2, 1, 1, 1),
(11, 'Blackjack', '7', 2, 3, 0, 0, 2, 4, 4, 3, 0, 1, 0, 1, 0),
(11, 'Blackjack', '5', 0, 0, 0, 0, 0, 0, 0, 0, 0, 0, 0, 0, 0),
(11, 'Blackjack', '0', 0, 0, 0, 0, 0, 0, 0, 0, 0, 0, 0, 0, 0),
(11, 'Blackjack', '2', 0, 2, 0, 0, 0, 0, 0, 3, 0, 0, 0, 0, 0),
(11, 'Blackjack', '3', 0, 1, 0, 1, 0, 0, 0, 0, 0, 0, 0, 2, 0),
(11, 'Blackjack', '6', 1, 3, 0, 0, 1, 5, 2, 3, 0, 0, 0, 2, 3),
(10, 'WSND', '7', 2, 5, 1, 2, 0, 0, 0, 0, 1, 0, 0, 0, 1),
(10, 'WSND', '32', 7, 14, 3, 6, 4, 6, 3, 6, 0, 0, 1, 1, 1),
(10, 'WSND', '3', 3, 5, 0, 0, 1, 2, 0, 2, 0, 0, 0, 2, 2),
(10, 'WSND', '1', 1, 1, 0, 0, 5, 7, 2, 1, 0, 2, 1, 0, 2),
(10, 'WSND', '2', 0, 2, 0, 2, 0, 0, 1, 0, 0, 1, 0, 0, 0),
(10, 'WSND', '6', 0, 1, 0, 0, 0, 0, 1, 0, 0, 0, 0, 0, 0),
(10, 'WSND', '10', 2, 3, 1, 1, 0, 0, 0, 3, 0, 1, 0, 1, 1),
(10, 'Eastern Knights', '1', 1, 10, 0, 4, 0, 0, 0, 1, 0, 0, 0, 3, 1),
(10, 'Eastern Knights', '2', 0, 1, 0, 0, 0, 0, 0, 1, 0, 0, 0, 1, 0),
(10, 'Eastern Knights', '3', 6, 10, 3, 4, 1, 3, 1, 1, 0, 1, 0, 4, 5),
(10, 'Eastern Knights', '4', 0, 1, 0, 0, 0, 0, 1, 6, 0, 0, 0, 0, 3),
(10, 'Eastern Knights', '5', 0, 4, 0, 2, 0, 0, 1, 0, 0, 0, 0, 1, 0),
(10, 'Eastern Knights', '6', 0, 0, 0, 0, 0, 0, 0, 0, 0, 1, 0, 0, 1),
(10, 'Eastern Knights', '7', 0, 0, 0, 0, 0, 0, 0, 0, 0, 0, 0, 0, 0),
(10, 'Eastern Knights', '8', 0, 0, 0, 0, 0, 0, 0, 0, 0, 0, 0, 0, 0),
(10, 'Eastern Knights', '9', 0, 4, 0, 1, 0, 0, 1, 0, 0, 0, 0, 0, 0),
(10, 'Eastern Knights', '10', 0, 0, 0, 0, 0, 0, 0, 0, 0, 0, 0, 0, 0),
(10, 'Eastern Knights', '0', 1, 1, 0, 0, 0, 2, 2, 0, 0, 0, 0, 1, 3),
(10, 'Eastern Knights', '11', 0, 0, 0, 0, 0, 0, 0, 0, 0, 0, 0, 0, 0),
(5, 'Mars', '9', 0, 1, 0, 0, 0, 2, 0, 1, 1, 1, 0, 2, 0),
(5, 'Mars', '17', 2, 3, 0, 0, 0, 0, 0, 2, 0, 0, 0, 1, 1),
(5, 'Mars', '10', 0, 1, 0, 0, 0, 0, 2, 3, 0, 0, 0, 2, 1),
(5, 'Mars', '4', 0, 9, 0, 4, 1, 3, 3, 2, 0, 1, 0, 3, 2),
(5, 'Mars', '13', 0, 1, 0, 0, 0, 0, 0, 0, 0, 0, 0, 1, 0),
(5, 'Mars', '7', 0, 1, 0, 0, 0, 0, 0, 0, 0, 0, 0, 0, 0),
(5, 'Mars', '24', 0, 2, 0, 1, 0, 2, 0, 0, 1, 0, 0, 0, 0),
(5, 'Mars', '3', 1, 4, 0, 0, 1, 2, 0, 1, 0, 2, 0, 4, 0),
(5, 'Mars', '28', 0, 0, 0, 0, 0, 0, 0, 0, 0, 0, 0, 0, 0),
(5, 'Mars', '0', 1, 4, 1, 4, 0, 0, 0, 0, 0, 0, 0, 1, 2),
(5, 'Mars', '2', 0, 6, 0, 2, 0, 0, 0, 1, 0, 0, 0, 1, 1),
(5, 'Mars', '1', 0, 2, 0, 0, 1, 6, 0, 2, 0, 1, 0, 1, 0),
(5, 'GUTS', '10', 1, 10, 0, 5, 1, 2, 0, 3, 0, 3, 2, 3, 1),
(5, 'GUTS', '3', 2, 6, 0, 2, 0, 0, 1, 0, 0, 1, 0, 1, 1),
(5, 'GUTS', '6', 1, 2, 0, 0, 0, 0, 2, 6, 0, 0, 1, 0, 3),
(5, 'GUTS', '5', 1, 3, 0, 0, 0, 2, 3, 1, 1, 0, 0, 0, 1),
(5, 'GUTS', '9', 1, 4, 0, 0, 0, 0, 0, 1, 0, 0, 1, 2, 0),
(5, 'GUTS', '7', 0, 0, 0, 0, 0, 0, 0, 0, 0, 0, 0, 0, 0),
(5, 'GUTS', '4', 0, 3, 0, 1, 1, 2, 1, 2, 1, 1, 1, 0, 3),
(5, 'GUTS', '1', 1, 2, 1, 1, 0, 0, 0, 1, 0, 0, 0, 0, 0),
(5, 'GUTS', '0', 0, 5, 0, 3, 0, 0, 0, 3, 0, 0, 0, 2, 3),
(5, 'GUTS', '2', 0, 1, 0, 0, 2, 2, 0, 1, 0, 0, 0, 0, 1),
(3, 'GYZers', '0', 2, 3, 0, 0, 0, 0, 0, 1, 3, 0, 0, 1, 0),
(3, 'GYZers', '5', 8, 8, 0, 0, 3, 7, 1, 3, 0, 2, 0, 1, 1),
(3, 'GYZers', '1', 0, 2, 0, 0, 0, 0, 0, 1, 3, 1, 0, 1, 0),
(3, 'GYZers', '3', 3, 4, 0, 0, 0, 0, 0, 0, 0, 0, 0, 0, 0),
(3, 'GYZers', '8', 2, 3, 0, 0, 2, 2, 2, 6, 2, 0, 0, 3, 1),
(3, 'GYZers', '17', 0, 0, 0, 0, 0, 0, 0, 0, 0, 0, 0, 0, 1),
(3, 'GYZers', '9', 0, 1, 0, 1, 1, 2, 0, 2, 1, 1, 0, 0, 0),
(3, 'GYZers', '12', 0, 0, 0, 0, 0, 0, 0, 0, 0, 0, 0, 0, 1),
(3, 'GYZers', '34', 1, 1, 0, 0, 0, 0, 0, 1, 0, 0, 0, 0, 0),
(3, 'GYZers', '29', 0, 0, 0, 0, 0, 0, 0, 0, 0, 0, 1, 0, 1),
(3, 'GYZers', '18', 0, 0, 0, 0, 1, 2, 0, 0, 0, 0, 0, 0, 0),
(3, 'GYZers', '33', 1, 4, 1, 2, 0, 0, 0, 3, 0, 1, 0, 0, 1),
(3, 'PHD', '10', 5, 13, 3, 9, 2, 2, 0, 4, 1, 1, 0, 3, 1),
(3, 'PHD', '23', 1, 2, 0, 1, 0, 0, 1, 2, 0, 0, 1, 0, 4),
(3, 'PHD', '24', 0, 3, 0, 1, 0, 0, 0, 2, 1, 1, 0, 5, 1),
(3, 'PHD', '0', 1, 5, 1, 1, 0, 0, 0, 2, 1, 0, 0, 2, 2),
(3, 'PHD', '21', 0, 0, 0, 0, 0, 0, 0, 0, 0, 0, 0, 0, 0),
(3, 'PHD', '28', 0, 0, 0, 0, 0, 0, 0, 0, 0, 0, 0, 0, 0),
(3, 'PHD', '91', 0, 0, 0, 0, 0, 0, 0, 0, 0, 0, 0, 0, 4),
(3, 'PHD', '34', 0, 1, 0, 0, 0, 0, 0, 0, 0, 0, 0, 0, 3),
(3, 'PHD', '3', 0, 1, 0, 1, 0, 0, 0, 0, 0, 0, 0, 0, 0),
(3, 'PHD', '13', 0, 0, 0, 0, 0, 0, 0, 0, 0, 0, 0, 0, 0),
(3, 'PHD', '1', 0, 0, 0, 0, 0, 0, 0, 0, 0, 0, 0, 0, 0),
(3, 'PHD', '7', 0, 0, 0, 0, 0, 0, 0, 0, 0, 0, 0, 0, 0),
(15, 'BIG TOTOROS', '13', 0, 2, 0, 1, 0, 0, 0, 2, 1, 1, 0, 0, 4),
(15, 'BIG TOTOROS', '6', 3, 14, 1, 10, 3, 4, 0, 1, 1, 2, 0, 2, 1),
(15, 'BIG TOTOROS', '22', 3, 7, 2, 5, 2, 5, 1, 2, 0, 0, 0, 2, 3),
(15, 'BIG TOTOROS', '2', 2, 2, 0, 0, 0, 2, 3, 0, 0, 0, 0, 1, 1),
(15, 'BIG TOTOROS', '9', 2, 5, 0, 0, 2, 6, 0, 3, 0, 0, 0, 0, 1),
(15, 'BIG TOTOROS', '1', 1, 4, 0, 0, 0, 0, 1, 1, 0, 0, 0, 0, 1),
(15, 'BIG TOTOROS', '10', 0, 0, 0, 0, 0, 0, 0, 0, 0, 0, 0, 1, 0),
(15, 'BIG TOTOROS', '7', 0, 0, 0, 0, 0, 0, 0, 0, 0, 0, 0, 0, 0),
(15, 'BIG TOTOROS', '8', 0, 0, 0, 0, 0, 0, 0, 0, 0, 0, 0, 0, 0),
(15, 'Why Not', '0', 3, 6, 1, 1, 1, 4, 0, 0, 1, 1, 0, 2, 4),
(15, 'Why Not', '7', 5, 8, 0, 0, 0, 0, 0, 0, 0, 1, 0, 1, 2),
(15, 'Why Not', '1', 0, 1, 0, 0, 0, 0, 0, 2, 0, 0, 0, 0, 3),
(15, 'Why Not', '8', 1, 2, 0, 0, 3, 4, 3, 3, 0, 0, 1, 2, 2),
(15, 'Why Not', '4', 2, 5, 0, 1, 5, 6, 0, 1, 3, 0, 0, 1, 1),
(15, 'Why Not', '10', 0, 0, 0, 0, 0, 0, 1, 0, 0, 0, 0, 0, 1),
(15, 'Why Not', '3', 0, 0, 0, 0, 0, 0, 0, 0, 0, 0, 0, 0, 0),
(15, 'Why Not', '2', 0, 0, 0, 0, 0, 0, 0, 0, 0, 0, 0, 0, 0),
(15, 'Why Not', '11', 0, 0, 0, 0, 0, 0, 0, 0, 0, 0, 0, 0, 0),
(15, 'Why Not', '9', 3, 3, 0, 0, 0, 2, 1, 2, 0, 0, 1, 0, 0),
(15, 'Why Not', '5', 0, 3, 0, 0, 0, 0, 0, 3, 0, 0, 2, 1, 0),
(15, 'Why Not', '6', 0, 1, 0, 0, 0, 0, 0, 0, 0, 0, 0, 2, 0),
(14, 'Baby ChiNam', '1', 4, 8, 0, 0, 2, 5, 0, 2, 2, 1, 0, 1, 0),
(14, 'Baby ChiNam', '9', 6, 9, 0, 0, 1, 2, 0, 4, 1, 3, 0, 7, 1),
(14, 'Baby ChiNam', '11', 7, 14, 5, 10, 0, 0, 0, 4, 1, 0, 0, 0, 2),
(14, 'Baby ChiNam', '10', 0, 0, 0, 0, 0, 0, 0, 2, 1, 1, 0, 0, 0),
(14, 'Baby ChiNam', '2', 1, 3, 1, 2, 0, 0, 1, 1, 0, 0, 0, 0, 1),
(14, 'Baby ChiNam', '3', 0, 0, 0, 0, 0, 0, 0, 0, 1, 1, 0, 0, 0),
(14, 'Baby ChiNam', '8', 0, 0, 0, 0, 0, 0, 1, 0, 0, 0, 0, 0, 0),
(14, 'Baby ChiNam', '7', 2, 3, 0, 0, 2, 7, 3, 4, 0, 0, 0, 1, 1),
(14, 'SPLASH', '11', 8, 14, 5, 9, 1, 2, 0, 2, 0, 2, 0, 1, 2),
(14, 'SPLASH', '0', 1, 4, 0, 2, 1, 1, 1, 5, 1, 2, 1, 3, 1),
(14, 'SPLASH', '78', 0, 1, 0, 0, 1, 2, 1, 1, 0, 1, 0, 0, 1),
(14, 'SPLASH', '5', 0, 6, 0, 3, 0, 0, 0, 4, 0, 0, 0, 1, 1),
(14, 'SPLASH', '3', 4, 10, 3, 6, 0, 0, 0, 5, 1, 0, 0, 3, 1),
(14, 'SPLASH', '20', 0, 0, 0, 0, 0, 0, 0, 0, 0, 0, 0, 0, 0),
(14, 'SPLASH', '30', 0, 0, 0, 0, 0, 0, 0, 0, 0, 0, 0, 0, 0),
(14, 'SPLASH', '12', 0, 0, 0, 0, 0, 0, 0, 0, 0, 0, 0, 0, 0),
(14, 'SPLASH', '1', 0, 0, 0, 0, 0, 0, 0, 0, 0, 0, 0, 0, 0),
(14, 'SPLASH', '21', 2, 5, 1, 3, 0, 0, 0, 4, 2, 2, 0, 1, 2),
(14, 'SPLASH', '33', 0, 0, 0, 0, 0, 0, 0, 0, 0, 0, 0, 0, 0),
(17, 'Eastern Knights', '1', 2, 6, 0, 3, 2, 6, 0, 5, 0, 2, 0, 1, 1),
(17, 'Eastern Knights', '2', 0, 0, 0, 0, 0, 0, 0, 0, 0, 0, 0, 0, 0),
(17, 'Eastern Knights', '3', 7, 20, 5, 13, 2, 2, 1, 2, 1, 4, 0, 3, 1),
(17, 'Eastern Knights', '4', 0, 1, 0, 0, 0, 2, 1, 5, 1, 0, 0, 2, 2),
(17, 'Eastern Knights', '5', 0, 0, 0, 0, 0, 0, 0, 0, 0, 0, 0, 0, 0),
(17, 'Eastern Knights', '6', 0, 0, 0, 0, 0, 0, 0, 0, 0, 0, 0, 0, 0),
(17, 'Eastern Knights', '7', 0, 0, 0, 0, 0, 0, 0, 0, 0, 0, 0, 0, 0),
(17, 'Eastern Knights', '8', 0, 0, 0, 0, 0, 0, 0, 2, 0, 0, 0, 1, 0),
(17, 'Eastern Knights', '9', 1, 3, 1, 1, 0, 0, 0, 4, 0, 0, 0, 1, 0),
(17, 'Eastern Knights', '10', 0, 0, 0, 0, 0, 0, 0, 0, 0, 0, 0, 2, 0),
(17, 'Eastern Knights', '0', 1, 1, 0, 0, 0, 0, 0, 0, 0, 1, 0, 0, 2),
(17, 'Eastern Knights', '11', 0, 0, 0, 0, 0, 0, 1, 1, 1, 1, 0, 1, 1),
(17, 'Dog', '1', 0, 7, 0, 2, 0, 0, 1, 5, 0, 0, 1, 3, 1),
(17, 'Dog', '14', 0, 7, 0, 3, 0, 0, 2, 3, 1, 1, 0, 1, 0),
(17, 'Dog', '11', 0, 5, 0, 3, 0, 0, 0, 2, 0, 1, 0, 1, 3),
(17, 'Dog', '12', 1, 5, 0, 1, 2, 2, 1, 3, 2, 0, 0, 1, 3),
(17, 'Dog', '20', 3, 5, 1, 2, 0, 0, 2, 2, 0, 0, 0, 0, 2),
(17, 'Dog', '8', 1, 6, 0, 0, 1, 2, 0, 1, 0, 0, 0, 0, 1),
(17, 'Dog', '19', 0, 1, 0, 0, 0, 0, 0, 0, 1, 0, 0, 3, 1),
(17, 'Dog', '15', 0, 2, 0, 0, 0, 0, 0, 0, 0, 0, 0, 1, 0),
(17, 'Dog', '33', 0, 0, 0, 0, 0, 0, 0, 0, 0, 0, 0, 0, 0),
(17, 'Dog', '30', 0, 0, 0, 0, 0, 0, 0, 0, 0, 0, 0, 0, 0),
(17, 'Dog', '3', 0, 0, 0, 0, 0, 0, 0, 0, 0, 0, 0, 0, 0),
(17, 'Dog', '34', 0, 1, 0, 0, 0, 0, 1, 0, 0, 0, 0, 0, 0),
(19, 'Blackjack', '8', 0, 1, 0, 1, 0, 0, 0, 0, 0, 0, 0, 1, 0),
(19, 'Blackjack', '1', 3, 7, 1, 3, 1, 2, 0, 3, 1, 0, 0, 1, 2),
(19, 'Blackjack', '9', 0, 0, 0, 0, 0, 0, 0, 0, 0, 0, 0, 0, 0),
(19, 'Blackjack', '7', 1, 3, 0, 0, 3, 4, 3, 0, 0, 0, 0, 2, 0),
(19, 'Blackjack', '5', 0, 0, 0, 0, 0, 0, 0, 0, 0, 0, 0, 0, 0),
(19, 'Blackjack', '0', 0, 3, 0, 3, 0, 0, 0, 0, 0, 0, 0, 0, 0),
(19, 'Blackjack', '2', 0, 2, 0, 0, 0, 0, 0, 3, 0, 1, 0, 0, 1),
(19, 'Blackjack', '3', 2, 4, 0, 0, 0, 2, 0, 1, 1, 0, 0, 0, 3),
(19, 'Blackjack', '6', 1, 2, 1, 2, 0, 0, 1, 1, 0, 2, 0, 2, 4),
(19, 'Blackjack', '11', 3, 11, 1, 3, 0, 0, 0, 2, 0, 3, 0, 4, 2),
(19, 'GGDaDaDer', '1', 2, 7, 0, 3, 1, 4, 2, 2, 2, 3, 0, 3, 1),
(19, 'GGDaDaDer', '4', 3, 7, 0, 0, 2, 6, 3, 1, 0, 1, 1, 3, 0),
(19, 'GGDaDaDer', '10', 3, 10, 3, 6, 0, 0, 0, 1, 0, 0, 0, 0, 1),
(19, 'GGDaDaDer', '2', 1, 4, 0, 0, 0, 0, 0, 2, 1, 1, 1, 2, 0),
(19, 'GGDaDaDer', '24', 0, 0, 0, 0, 0, 0, 0, 0, 0, 0, 0, 0, 0),
(19, 'GGDaDaDer', '3', 0, 0, 0, 0, 0, 0, 0, 0, 0, 0, 0, 0, 0),
(19, 'GGDaDaDer', '15', 0, 0, 0, 0, 0, 0, 0, 2, 0, 0, 0, 1, 1),
(19, 'GGDaDaDer', '22', 2, 6, 0, 1, 3, 3, 4, 4, 1, 1, 1, 3, 1),
(18, 'Dog', '1', 1, 9, 0, 2, 0, 2, 0, 1, 0, 1, 0, 3, 1),
(18, 'Dog', '14', 0, 5, 0, 1, 0, 0, 2, 2, 0, 0, 0, 1, 0),
(18, 'Dog', '11', 2, 6, 0, 1, 0, 0, 0, 4, 0, 1, 0, 2, 2),
(18, 'Dog', '12', 1, 6, 0, 0, 0, 0, 1, 2, 0, 4, 0, 7, 0),
(18, 'Dog', '20', 1, 7, 1, 6, 0, 0, 0, 0, 0, 1, 0, 0, 0),
(18, 'Dog', '8', 0, 3, 0, 3, 0, 0, 2, 2, 0, 0, 0, 3, 0),
(18, 'Dog', '19', 0, 0, 0, 0, 0, 0, 0, 0, 0, 0, 0, 1, 0),
(18, 'Dog', '15', 0, 0, 0, 0, 0, 0, 0, 0, 0, 0, 0, 0, 0),
(18, 'Dog', '33', 0, 1, 0, 0, 0, 0, 1, 2, 0, 0, 0, 1, 0),
(18, 'Dog', '30', 0, 0, 0, 0, 0, 0, 0, 1, 0, 0, 0, 0, 0),
(18, 'Dog', '3', 0, 3, 0, 0, 0, 0, 0, 0, 0, 0, 0, 1, 0),
(18, 'Dog', '34', 0, 1, 0, 1, 0, 0, 1, 1, 0, 0, 0, 0, 0),
(18, 'GGDaDaDer', '1', 1, 4, 0, 1, 0, 2, 0, 4, 2, 1, 0, 2, 0),
(18, 'GGDaDaDer', '4', 6, 7, 0, 0, 0, 0, 0, 4, 0, 4, 1, 0, 1),
(18, 'GGDaDaDer', '10', 2, 5, 2, 3, 0, 0, 0, 4, 0, 2, 0, 2, 0),
(18, 'GGDaDaDer', '2', 1, 3, 0, 0, 0, 0, 0, 3, 0, 0, 0, 0, 0),
(18, 'GGDaDaDer', '24', 0, 0, 0, 0, 0, 0, 0, 0, 0, 0, 0, 0, 0),
(18, 'GGDaDaDer', '3', 1, 6, 0, 0, 0, 0, 1, 1, 0, 0, 0, 5, 0),
(18, 'GGDaDaDer', '15', 2, 8, 0, 2, 0, 2, 1, 4, 2, 3, 0, 4, 1),
(18, 'GGDaDaDer', '22', 4, 4, 0, 0, 2, 2, 0, 6, 1, 3, 1, 1, 0),
(16, 'Redeemers 2.0', '13', 1, 6, 1, 3, 0, 2, 0, 2, 1, 2, 0, 0, 1),
(16, 'Redeemers 2.0', '3', 0, 3, 0, 0, 0, 0, 0, 2, 0, 0, 0, 2, 1),
(16, 'Redeemers 2.0', '4', 0, 4, 0, 1, 0, 0, 1, 3, 1, 1, 0, 3, 0),
(16, 'Redeemers 2.0', '23', 2, 8, 1, 2, 1, 2, 0, 3, 0, 2, 0, 2, 0),
(16, 'Redeemers 2.0', '17', 0, 0, 0, 0, 0, 0, 0, 0, 0, 0, 0, 0, 0),
(16, 'Redeemers 2.0', '8', 2, 9, 0, 2, 0, 0, 2, 1, 0, 2, 0, 2, 1),
(16, 'Redeemers 2.0', '5', 0, 0, 0, 0, 0, 0, 0, 0, 0, 0, 0, 0, 0),
(16, 'Redeemers 2.0', '30', 0, 2, 0, 1, 0, 0, 1, 0, 0, 0, 0, 0, 0),
(16, 'Redeemers 2.0', '14', 0, 0, 0, 0, 0, 0, 0, 0, 0, 0, 0, 0, 0),
(16, 'Redeemers 2.0', '7', 0, 3, 0, 3, 0, 0, 1, 0, 1, 0, 0, 0, 0),
(16, 'Redeemers 2.0', '38', 1, 5, 1, 4, 0, 0, 1, 3, 0, 0, 0, 1, 1),
(16, 'WSND', '32', 2, 13, 2, 5, 0, 0, 3, 7, 2, 5, 2, 6, 3),
(16, 'WSND', '7', 0, 4, 0, 1, 2, 2, 0, 0, 1, 1, 0, 3, 1),
(16, 'WSND', '3', 3, 6, 0, 1, 0, 0, 1, 3, 0, 1, 1, 3, 0),
(16, 'WSND', '1', 1, 3, 0, 0, 0, 2, 2, 3, 0, 1, 0, 1, 1),
(16, 'WSND', '10', 0, 0, 0, 0, 0, 0, 0, 0, 0, 0, 0, 0, 0),
(16, 'WSND', '6', 0, 0, 0, 0, 0, 0, 0, 0, 0, 0, 0, 0, 0),
(16, 'WSND', '22', 0, 0, 0, 0, 0, 0, 0, 0, 0, 0, 0, 0, 0),
(16, 'WSND', '30', 1, 6, 1, 6, 0, 0, 1, 3, 1, 1, 0, 0, 0),
(12, 'ChiXinJueDui', '5', 0, 3, 0, 2, 3, 4, 0, 0, 1, 0, 0, 3, 0),
(12, 'ChiXinJueDui', '4', 0, 1, 0, 0, 0, 0, 0, 1, 0, 1, 0, 3, 0),
(12, 'ChiXinJueDui', '2', 2, 3, 1, 2, 0, 2, 0, 1, 0, 0, 0, 3, 2),
(12, 'ChiXinJueDui', '10', 0, 3, 0, 1, 0, 0, 0, 2, 0, 0, 0, 2, 1),
(12, 'ChiXinJueDui', '25', 1, 3, 0, 0, 0, 0, 0, 3, 0, 1, 0, 1, 3),
(12, 'ChiXinJueDui', '3', 0, 0, 0, 0, 0, 0, 0, 0, 2, 0, 0, 0, 0),
(12, 'ChiXinJueDui', '13', 0, 0, 0, 0, 0, 0, 0, 0, 0, 0, 0, 0, 0),
(12, 'ChiXinJueDui', '12', 0, 0, 0, 0, 0, 0, 0, 2, 0, 0, 0, 0, 0),
(12, 'ChiXinJueDui', '11', 0, 0, 0, 0, 0, 0, 0, 0, 0, 0, 0, 0, 0),
(12, 'ChiXinJueDui', '6', 0, 0, 0, 0, 0, 0, 0, 0, 0, 0, 0, 0, 0),
(12, 'Gyzers', '0', 3, 9, 3, 8, 2, 2, 0, 2, 0, 1, 0, 0, 0),
(12, 'Gyzers', '5', 4, 6, 0, 0, 3, 4, 2, 3, 3, 0, 0, 1, 1),
(12, 'Gyzers', '1', 1, 6, 0, 5, 0, 0, 0, 0, 2, 1, 0, 1, 1),
(12, 'Gyzers', '3', 2, 2, 1, 1, 0, 0, 0, 4, 2, 0, 0, 1, 0),
(12, 'Gyzers', '8', 1, 3, 0, 0, 1, 2, 1, 0, 0, 0, 0, 1, 1),
(12, 'Gyzers', '17', 0, 2, 0, 1, 0, 0, 1, 0, 1, 0, 0, 0, 0),
(12, 'Gyzers', '27', 0, 0, 0, 0, 0, 0, 0, 1, 0, 0, 0, 0, 0),
(12, 'Gyzers', '12', 0, 0, 0, 0, 0, 0, 0, 0, 0, 0, 0, 0, 0),
(12, 'Gyzers', '11', 0, 1, 0, 0, 0, 0, 0, 0, 0, 0, 0, 0, 1),
(12, 'Gyzers', '29', 0, 0, 0, 0, 0, 0, 0, 0, 0, 0, 0, 0, 0),
(12, 'Gyzers', '23', 0, 0, 0, 0, 0, 0, 0, 0, 0, 0, 0, 0, 0),
(12, 'Gyzers', '33', 1, 2, 0, 0, 0, 0, 0, 0, 0, 1, 0, 0, 0),
(13, 'GUTS', '10', 3, 6, 2, 4, 2, 2, 1, 0, 2, 4, 0, 1, 3),
(13, 'GUTS', '3', 0, 0, 0, 0, 0, 0, 0, 0, 0, 0, 0, 0, 0),
(13, 'GUTS', '6', 0, 0, 0, 0, 0, 0, 0, 3, 0, 0, 0, 0, 2),
(13, 'GUTS', '5', 1, 4, 0, 0, 0, 2, 2, 1, 0, 0, 0, 0, 0),
(13, 'GUTS', '9', 1, 2, 0, 0, 2, 2, 0, 0, 0, 0, 0, 3, 0),
(13, 'GUTS', '7', 0, 0, 0, 0, 0, 0, 0, 0, 0, 0, 0, 0, 0),
(13, 'GUTS', '4', 1, 1, 0, 0, 0, 0, 1, 0, 0, 1, 0, 0, 1),
(13, 'GUTS', '1', 0, 0, 0, 0, 0, 0, 0, 1, 0, 0, 0, 0, 0),
(13, 'GUTS', '0', 1, 6, 0, 1, 0, 3, 0, 1, 0, 0, 0, 0, 2),
(13, 'GUTS', '2', 0, 0, 0, 0, 0, 0, 1, 1, 0, 0, 0, 3, 0),
(13, 'NiShuoDeDui', '7', 3, 6, 0, 0, 0, 0, 0, 2, 0, 2, 0, 5, 3),
(13, 'NiShuoDeDui', '0', 0, 0, 0, 0, 2, 3, 3, 1, 2, 0, 0, 1, 3),
(13, 'NiShuoDeDui', '3', 0, 0, 0, 0, 0, 0, 0, 1, 1, 0, 0, 0, 0),
(13, 'NiShuoDeDui', '1', 0, 2, 0, 0, 1, 2, 1, 1, 1, 1, 0, 5, 1),
(13, 'NiShuoDeDui', '5', 1, 6, 1, 3, 2, 5, 0, 1, 1, 3, 0, 0, 2),
(13, 'NiShuoDeDui', '8', 0, 0, 0, 0, 0, 0, 0, 0, 0, 0, 0, 0, 1),
(13, 'NiShuoDeDui', '4', 3, 9, 1, 2, 1, 2, 4, 3, 0, 0, 0, 0, 0),
(20, 'ChiXinJueDui', '5', 6, 13, 2, 3, 2, 2, 0, 2, 1, 1, 0, 1, 1),
(20, 'ChiXinJueDui', '4', 5, 5, 0, 0, 0, 0, 1, 0, 0, 1, 0, 1, 1),
(20, 'ChiXinJueDui', '2', 2, 6, 0, 0, 1, 2, 2, 6, 1, 0, 0, 0, 2),
(20, 'ChiXinJueDui', '10', 0, 0, 0, 0, 2, 4, 1, 3, 0, 1, 0, 1, 1),
(20, 'ChiXinJueDui', '25', 5, 7, 0, 0, 1, 2, 0, 4, 1, 5, 0, 1, 3),
(20, 'ChiXinJueDui', '3', 0, 1, 0, 0, 0, 0, 0, 2, 3, 8, 0, 2, 1),
(20, 'ChiXinJueDui', '12', 0, 2, 0, 0, 0, 0, 1, 1, 0, 0, 0, 0, 0),
(20, 'ChiXinJueDui', '11', 0, 0, 0, 0, 0, 0, 0, 0, 0, 0, 0, 0, 0),
(20, 'ChiXinJueDui', '6', 0, 0, 0, 0, 0, 0, 0, 0, 0, 0, 0, 0, 0),
(20, 'Mars', '9', 0, 0, 0, 0, 1, 2, 0, 0, 0, 1, 0, 3, 2),
(20, 'Mars', '17', 0, 0, 0, 0, 0, 0, 0, 0, 0, 0, 0, 0, 0),
(20, 'Mars', '5', 0, 0, 0, 0, 2, 2, 0, 2, 0, 0, 0, 0, 1),
(20, 'Mars', '4', 3, 7, 1, 2, 1, 4, 1, 4, 0, 0, 0, 0, 4),
(20, 'Mars', '13', 1, 3, 0, 1, 0, 0, 1, 1, 0, 0, 0, 2, 1),
(20, 'Mars', '7', 0, 2, 0, 1, 0, 0, 0, 2, 0, 1, 0, 3, 0),
(20, 'Mars', '24', 1, 4, 1, 3, 0, 3, 0, 0, 0, 0, 0, 1, 1),
(20, 'Mars', '0', 0, 0, 0, 1, 0, 0, 0, 0, 0, 0, 0, 2, 1),
(20, 'Mars', '1', 0, 1, 0, 0, 0, 0, 0, 0, 0, 0, 0, 1, 0),
(21, 'PHD', '10', 2, 5, 1, 3, 0, 0, 0, 0, 0, 0, 0, 3, 0),
(21, 'PHD', '23', 4, 5, 0, 0, 2, 3, 1, 6, 0, 0, 0, 2, 1),
(21, 'PHD', '24', 0, 1, 0, 0, 0, 0, 0, 0, 0, 2, 0, 1, 1),
(21, 'PHD', '0', 1, 3, 0, 0, 0, 0, 0, 3, 2, 0, 0, 0, 1),
(21, 'PHD', '21', 0, 2, 0, 1, 0, 0, 0, 0, 0, 0, 0, 1, 0),
(21, 'PHD', '91', 0, 0, 0, 0, 0, 0, 1, 0, 0, 0, 0, 0, 1),
(21, 'Guts', '6', 2, 3, 0, 0, 0, 0, 2, 2, 0, 0, 1, 2, 2),
(21, 'Guts', '5', 2, 6, 0, 0, 0, 0, 2, 0, 0, 0, 0, 1, 0),
(21, 'Guts', '9', 0, 7, 0, 3, 0, 0, 0, 0, 0, 0, 0, 1, 1),
(21, 'Guts', '1', 0, 2, 0, 2, 0, 0, 0, 0, 0, 0, 0, 0, 0),
(21, 'Guts', '0', 0, 4, 0, 2, 0, 0, 0, 0, 0, 0, 0, 2, 0),
(21, 'Guts', '2', 0, 1, 0, 1, 0, 0, 0, 0, 0, 0, 0, 1, 1),
(21, 'Guts', '4', 0, 0, 0, 0, 0, 0, 0, 2, 0, 0, 0, 0, 0),
(22, 'Gyzers', '0', 1, 2, 0, 0, 0, 0, 0, 1, 0, 1, 0, 0, 0),
(22, 'Gyzers', '5', 5, 8, 0, 0, 4, 4, 2, 5, 1, 2, 0, 1, 1),
(22, 'Gyzers', '1', 1, 3, 0, 0, 0, 0, 0, 0, 2, 4, 0, 0, 0),
(22, 'Gyzers', '3', 3, 5, 1, 1, 0, 2, 0, 1, 1, 1, 0, 1, 3),
(22, 'Gyzers', '8', 4, 5, 0, 0, 0, 0, 1, 1, 0, 0, 0, 0, 1),
(22, 'Gyzers', '17', 3, 4, 2, 3, 0, 0, 0, 0, 1, 0, 0, 0, 0),
(22, 'Gyzers', '9', 1, 2, 0, 0, 0, 0, 1, 1, 0, 0, 0, 1, 0),
(22, 'Gyzers', '23', 2, 3, 0, 0, 1, 3, 0, 0, 0, 0, 0, 1, 0),
(22, 'Gyzers', '34', 0, 0, 0, 0, 0, 0, 0, 0, 0, 0, 0, 0, 0),
(22, 'Gyzers', '29', 1, 2, 0, 0, 0, 0, 0, 0, 0, 0, 0, 0, 0),
(22, 'Gyzers', '18', 1, 4, 1, 2, 0, 0, 0, 1, 0, 0, 0, 0, 0),
(22, 'Gyzers', '33', 0, 0, 1, 1, 0, 0, 0, 1, 1, 1, 0, 0, 1),
(22, 'NiShuoDeDui', '7', 0, 4, 0, 1, 1, 2, 1, 1, 0, 0, 0, 1, 3),
(22, 'NiShuoDeDui', '0', 2, 4, 2, 4, 1, 2, 1, 0, 0, 0, 0, 0, 0),
(22, 'NiShuoDeDui', '4', 3, 6, 1, 3, 0, 0, 2, 2, 0, 0, 0, 6, 0),
(22, 'NiShuoDeDui', '5', 3, 8, 1, 5, 0, 0, 1, 1, 1, 0, 0, 3, 3),
(22, 'NiShuoDeDui', '8', 0, 2, 0, 2, 0, 3, 0, 0, 0, 1, 0, 2, 0),
(22, 'NiShuoDeDui', '6', 0, 0, 0, 0, 0, 0, 0, 1, 0, 1, 0, 1, 0),
(25, 'Redeemers 2.0', '13', 3, 6, 0, 2, 2, 4, 2, 1, 0, 3, 0, 4, 1),
(25, 'Redeemers 2.0', '3', 0, 2, 0, 1, 0, 2, 1, 4, 1, 1, 0, 1, 4),
(25, 'Redeemers 2.0', '4', 2, 7, 1, 6, 2, 4, 0, 3, 0, 3, 0, 0, 0),
(25, 'Redeemers 2.0', '23', 1, 8, 0, 3, 0, 0, 4, 2, 0, 0, 0, 1, 1),
(25, 'Redeemers 2.0', '38', 1, 5, 0, 4, 0, 0, 0, 0, 0, 1, 0, 0, 1),
(25, 'Redeemers 2.0', '17', 0, 0, 0, 0, 0, 0, 0, 1, 0, 0, 0, 0, 0),
(25, 'Redeemers 2.0', '7', 0, 1, 0, 1, 0, 0, 0, 0, 0, 0, 0, 0, 0),
(25, 'Redeemers 2.0', '5', 0, 0, 0, 0, 0, 0, 1, 1, 0, 1, 0, 0, 0),
(25, 'Redeemers 2.0', '30', 1, 4, 0, 1, 0, 0, 0, 1, 0, 2, 0, 0, 0),
(25, 'Redeemers 2.0', '14', 0, 0, 0, 0, 0, 2, 0, 1, 0, 0, 0, 1, 0),
(25, 'Redeemers 2.0', '8', 1, 4, 0, 0, 5, 6, 3, 2, 1, 0, 0, 0, 1),
(24, 'Blackjack', '8', 0, 0, 0, 0, 0, 0, 0, 0, 0, 0, 0, 0, 0),
(24, 'Blackjack', '1', 2, 5, 0, 1, 0, 0, 3, 1, 1, 0, 0, 1, 1),
(24, 'Blackjack', '9', 1, 1, 0, 0, 0, 0, 0, 3, 1, 0, 0, 0, 0),
(24, 'Blackjack', '11', 3, 8, 2, 4, 0, 0, 0, 1, 1, 0, 0, 4, 1),
(24, 'Blackjack', '7', 0, 5, 0, 0, 3, 8, 5, 1, 1, 1, 0, 0, 0),
(24, 'Blackjack', '5', 0, 0, 0, 0, 0, 0, 0, 0, 0, 0, 0, 0, 0),
(24, 'Blackjack', '0', 0, 0, 0, 0, 0, 0, 0, 0, 0, 0, 0, 0, 0),
(24, 'Blackjack', '2', 0, 0, 0, 0, 0, 0, 0, 2, 0, 0, 0, 0, 0),
(24, 'Blackjack', '3', 1, 2, 0, 0, 1, 2, 0, 0, 0, 0, 0, 0, 0),
(24, 'Blackjack', '6', 1, 3, 0, 0, 0, 0, 0, 0, 0, 0, 0, 0, 3),
(24, 'WSND', '32', 3, 8, 2, 5, 5, 6, 0, 2, 2, 2, 2, 3, 1),
(24, 'WSND', '7', 2, 8, 0, 0, 0, 0, 1, 2, 0, 0, 0, 0, 0),
(24, 'WSND', '3', 4, 6, 0, 0, 0, 0, 6, 0, 1, 0, 0, 2, 2),
(24, 'WSND', '1', 0, 1, 0, 0, 1, 2, 1, 1, 5, 0, 0, 0, 3),
(24, 'WSND', '10', 0, 0, 0, 0, 0, 0, 0, 0, 0, 0, 0, 0, 0),
(24, 'WSND', '6', 2, 3, 0, 0, 0, 0, 0, 1, 1, 1, 0, 0, 0),
(24, 'WSND', '22', 0, 0, 0, 0, 0, 0, 0, 0, 0, 0, 0, 0, 0),
(24, 'WSND', '30', 3, 9, 2, 6, 0, 0, 1, 3, 1, 0, 0, 0, 2),
(23, 'Eastern Knights', '1', 0, 4, 0, 1, 3, 4, 1, 1, 0, 0, 0, 1, 1),
(23, 'Eastern Knights', '2', 0, 0, 0, 0, 0, 0, 0, 1, 0, 0, 0, 0, 0),
(23, 'Eastern Knights', '3', 1, 13, 0, 0, 5, 6, 2, 5, 0, 3, 0, 2, 3),
(23, 'Eastern Knights', '4', 0, 0, 0, 0, 0, 0, 0, 1, 0, 0, 0, 1, 1),
(23, 'Eastern Knights', '5', 0, 0, 0, 0, 0, 0, 0, 0, 0, 0, 0, 0, 0),
(23, 'Eastern Knights', '6', 0, 0, 0, 0, 0, 0, 0, 0, 0, 1, 0, 0, 0),
(23, 'Eastern Knights', '7', 0, 0, 0, 0, 0, 0, 0, 0, 0, 0, 0, 0, 0),
(23, 'Eastern Knights', '8', 0, 0, 0, 0, 0, 0, 0, 0, 0, 0, 0, 0, 0),
(23, 'Eastern Knights', '9', 0, 2, 0, 2, 1, 2, 2, 2, 0, 0, 0, 1, 5),
(23, 'Eastern Knights', '10', 0, 0, 0, 0, 0, 0, 0, 0, 0, 0, 0, 1, 0),
(23, 'Eastern Knights', '0', 0, 0, 0, 0, 0, 2, 0, 0, 0, 0, 1, 1, 1),
(23, 'Eastern Knights', '11', 1, 1, 0, 0, 0, 2, 2, 1, 0, 0, 0, 0, 2),
(23, 'GGDaDaDer', '1', 0, 5, 0, 0, 1, 4, 2, 1, 0, 1, 0, 1, 4),
(23, 'GGDaDaDer', '4', 5, 12, 0, 0, 3, 6, 5, 5, 0, 1, 0, 0, 1),
(23, 'GGDaDaDer', '10', 2, 8, 0, 5, 1, 2, 0, 3, 1, 1, 1, 1, 0),
(23, 'GGDaDaDer', '2', 1, 1, 0, 0, 0, 0, 2, 2, 0, 0, 1, 1, 2),
(23, 'GGDaDaDer', '24', 0, 0, 0, 0, 0, 0, 0, 0, 0, 0, 0, 0, 0),
(23, 'GGDaDaDer', '3', 0, 1, 0, 0, 5, 8, 0, 1, 0, 0, 0, 2, 3),
(23, 'GGDaDaDer', '15', 1, 2, 0, 0, 0, 0, 0, 2, 0, 1, 0, 3, 3),
(27, 'Why not', '0', 0, 2, 0, 2, 2, 2, 0, 0, 0, 0, 0, 1, 0),
(27, 'Why not', '7', 6, 13, 0, 1, 4, 7, 2, 2, 1, 1, 0, 1, 1),
(27, 'Why not', '1', 0, 1, 0, 0, 1, 2, 1, 1, 1, 0, 0, 0, 3),
(27, 'Why not', '8', 1, 5, 0, 0, 0, 0, 3, 3, 2, 0, 0, 0, 2),
(27, 'Why not', '4', 4, 6, 3, 4, 1, 2, 1, 1, 0, 1, 0, 2, 0),
(27, 'Why not', '10', 0, 0, 0, 0, 0, 0, 0, 0, 0, 0, 0, 0, 0),
(27, 'Why not', '3', 0, 0, 0, 0, 0, 0, 0, 0, 0, 0, 0, 1, 0),
(27, 'Why not', '2', 0, 0, 0, 0, 0, 0, 0, 0, 0, 0, 0, 0, 0),
(27, 'Why not', '11', 0, 0, 0, 0, 0, 0, 0, 0, 0, 0, 0, 0, 0),
(27, 'Why not', '9', 0, 0, 0, 0, 0, 0, 1, 0, 0, 0, 0, 1, 1),
(27, 'Why not', '5', 0, 0, 0, 0, 0, 0, 0, 0, 0, 0, 0, 0, 0),
(27, 'Why not', '6', 0, 0, 0, 0, 0, 0, 0, 0, 0, 0, 0, 0, 0),
(27, 'SPLASH', '11', 1, 4, 0, 2, 1, 2, 0, 1, 0, 0, 0, 0, 0),
(27, 'SPLASH', '0', 2, 5, 0, 0, 0, 0, 5, 2, 1, 0, 0, 2, 2),
(27, 'SPLASH', '78', 0, 0, 0, 0, 1, 2, 1, 0, 0, 0, 0, 1, 1),
(27, 'SPLASH', '5', 3, 8, 0, 0, 4, 5, 2, 5, 0, 0, 0, 0, 1),
(27, 'SPLASH', '3', 4, 9, 2, 3, 0, 0, 1, 0, 1, 2, 0, 1, 2),
(27, 'SPLASH', '20', 1, 3, 0, 0, 0, 0, 2, 0, 0, 0, 0, 0, 0),
(27, 'SPLASH', '30', 0, 0, 0, 0, 0, 0, 0, 0, 0, 0, 0, 0, 0),
(27, 'SPLASH', '12', 0, 0, 0, 0, 0, 0, 0, 0, 0, 0, 0, 0, 0),
(27, 'SPLASH', '1', 1, 1, 0, 0, 0, 0, 1, 0, 0, 0, 0, 0, 0),
(27, 'SPLASH', '21', 1, 6, 1, 3, 0, 0, 1, 1, 1, 0, 0, 0, 1),
(27, 'SPLASH', '33', 0, 0, 0, 0, 0, 0, 0, 0, 0, 0, 0, 0, 2),
(26, 'Baby Chinam', '1', 0, 3, 0, 0, 5, 6, 1, 4, 0, 1, 0, 0, 1),
(26, 'Baby Chinam', '6', 3, 5, 1, 1, 3, 4, 1, 3, 1, 0, 0, 0, 0),
(26, 'Baby Chinam', '11', 1, 5, 1, 4, 0, 0, 0, 2, 3, 1, 0, 0, 2),
(26, 'Baby Chinam', '10', 0, 0, 0, 0, 0, 0, 0, 0, 0, 0, 0, 0, 0),
(26, 'Baby Chinam', '2', 0, 0, 0, 0, 0, 0, 0, 0, 0, 0, 0, 0, 0),
(26, 'Baby Chinam', '3', 0, 0, 0, 0, 0, 0, 0, 0, 0, 0, 0, 0, 0),
(26, 'Baby Chinam', '7', 3, 5, 0, 0, 3, 6, 2, 3, 0, 1, 0, 0, 0),
(26, 'Baby Chinam', '8', 0, 0, 0, 0, 0, 0, 0, 0, 0, 0, 0, 0, 0),
(26, 'SPA', '1', 0, 0, 0, 0, 2, 4, 0, 0, 2, 0, 0, 5, 3),
(26, 'SPA', '3', 2, 3, 2, 2, 0, 0, 1, 0, 1, 0, 0, 2, 1),
(26, 'SPA', '7', 2, 4, 0, 0, 0, 0, 0, 3, 0, 1, 0, 1, 1),
(26, 'SPA', '15', 1, 1, 0, 0, 0, 5, 4, 1, 0, 1, 0, 2, 2),
(26, 'SPA', '99', 2, 7, 0, 0, 0, 0, 0, 0, 0, 0, 0, 0, 4),
(26, 'SPA', '27', 1, 3, 1, 2, 0, 0, 0, 0, 0, 1, 0, 0, 2),
(26, 'SPA', '0', 0, 0, 0, 0, 0, 0, 0, 0, 0, 0, 0, 0, 1),
(26, 'SPA', '34', 0, 3, 0, 3, 0, 0, 0, 2, 0, 1, 0, 1, 2),
(25, 'Dog', '1', 2, 12, 1, 6, 3, 7, 1, 3, 0, 0, 1, 3, 2),
(25, 'Dog', '14', 2, 9, 2, 5, 0, 4, 5, 1, 1, 0, 0, 3, 1),
(25, 'Dog', '11', 1, 4, 0, 1, 0, 2, 1, 5, 0, 0, 0, 3, 5),
(25, 'Dog', '12', 0, 0, 0, 0, 0, 0, 0, 0, 0, 0, 0, 0, 0),
(25, 'Dog', '20', 0, 6, 0, 6, 0, 0, 1, 5, 1, 0, 0, 1, 0),
(25, 'Dog', '8', 0, 1, 0, 0, 0, 0, 1, 2, 1, 1, 0, 3, 0),
(25, 'Dog', '19', 0, 1, 0, 1, 0, 0, 0, 0, 0, 2, 0, 2, 3),
(25, 'Dog', '15', 0, 0, 0, 0, 0, 0, 0, 0, 0, 0, 0, 1, 0),
(25, 'Dog', '33', 0, 0, 0, 0, 0, 0, 0, 0, 0, 0, 0, 0, 0),
(25, 'Dog', '30', 0, 0, 0, 0, 0, 0, 0, 0, 0, 0, 0, 0, 0),
(25, 'Dog', '3', 0, 0, 0, 0, 0, 0, 0, 0, 0, 0, 0, 0, 0),
(25, 'Dog', '34', 0, 0, 0, 0, 0, 0, 0, 0, 0, 0, 0, 0, 0),
(26, 'Baby Chinam', '5', 2, 5, 1, 2, 0, 0, 0, 0, 0, 1, 0, 0, 1),
(22, 'NiShuoDeDui', '2', 0, 1, 0, 0, 0, 0, 0, 1, 0, 1, 0, 1, 0),
(21, 'Guts', '8', 0, 0, 0, 0, 0, 0, 0, 1, 0, 1, 0, 1, 0),
(21, 'PHD', '11', 1, 3, 0, 0, 0, 2, 0, 1, 0, 1, 0, 0, 2),
(34, 'BIG TOTOROS', '13', 0, 2, 0, 2, 0, 0, 0, 1, 0, 1, 0, 2, 3),
(34, 'BIG TOTOROS', '6', 3, 5, 1, 2, 5, 8, 0, 3, 1, 2, 0, 3, 4),
(34, 'BIG TOTOROS', '22', 0, 5, 0, 2, 0, 0, 0, 0, 0, 0, 0, 1, 1),
(34, 'BIG TOTOROS', '2', 1, 1, 0, 0, 1, 2, 2, 3, 0, 0, 0, 1, 1),
(34, 'BIG TOTOROS', '9', 1, 3, 0, 0, 1, 2, 2, 1, 0, 0, 0, 0, 0),
(34, 'BIG TOTOROS', '1', 1, 3, 0, 0, 2, 2, 1, 1, 0, 1, 0, 0, 0),
(34, 'BIG TOTOROS', '10', 0, 0, 0, 0, 0, 0, 0, 1, 0, 0, 0, 0, 1),
(34, 'BIG TOTOROS', '7', 0, 0, 0, 0, 0, 0, 0, 1, 0, 0, 0, 0, 0),
(34, 'BIG TOTOROS', '8', 0, 0, 0, 0, 0, 0, 0, 0, 0, 0, 0, 0, 0),
(34, 'SPA', '1', 0, 1, 0, 0, 3, 4, 1, 1, 1, 3, 0, 1, 2),
(34, 'SPA', '3', 3, 9, 1, 3, 0, 0, 1, 0, 0, 1, 0, 1, 0),
(34, 'SPA', '7', 5, 6, 0, 0, 2, 4, 3, 2, 1, 0, 0, 0, 2),
(34, 'SPA', '15', 0, 0, 0, 0, 0, 0, 1, 2, 0, 0, 0, 0, 1),
(34, 'SPA', '99', 4, 6, 1, 2, 0, 5, 1, 1, 0, 0, 0, 0, 2),
(34, 'SPA', '27', 1, 2, 0, 1, 0, 0, 1, 1, 0, 0, 0, 0, 1),
(34, 'SPA', '0', 0, 1, 0, 0, 0, 0, 0, 1, 0, 0, 0, 1, 0),
(34, 'SPA', '34', 0, 0, 0, 0, 0, 0, 0, 0, 0, 0, 0, 0, 2),
(34, 'SPA', '25', 0, 0, 0, 0, 0, 0, 0, 1, 0, 0, 0, 0, 0),
(30, 'Blackjack', '8', 0, 0, 0, 0, 0, 0, 0, 0, 0, 0, 0, 0, 0),
(30, 'Blackjack', '1', 1, 6, 1, 3, 0, 0, 0, 0, 1, 0, 0, 0, 0),
(30, 'Blackjack', '9', 0, 2, 0, 0, 1, 2, 1, 0, 0, 2, 0, 0, 2),
(30, 'Blackjack', '11', 1, 6, 0, 1, 1, 1, 1, 2, 1, 1, 0, 0, 0),
(30, 'Blackjack', '7', 5, 5, 0, 0, 4, 8, 5, 3, 0, 2, 0, 2, 1),
(30, 'Blackjack', '5', 0, 0, 0, 0, 0, 0, 0, 0, 0, 0, 0, 0, 0),
(30, 'Blackjack', '0', 1, 4, 1, 4, 0, 0, 0, 1, 0, 2, 0, 2, 0),
(30, 'Blackjack', '2', 0, 0, 0, 0, 0, 0, 0, 2, 0, 1, 0, 0, 1),
(30, 'Blackjack', '3', 1, 2, 0, 0, 1, 2, 1, 1, 2, 0, 0, 0, 2),
(30, 'Blackjack', '6', 1, 7, 1, 4, 0, 0, 1, 1, 0, 3, 1, 2, 3),
(30, 'Eastern Knights', '1', 2, 5, 0, 0, 3, 4, 2, 2, 0, 0, 0, 5, 1),
(30, 'Eastern Knights', '2', 1, 9, 0, 3, 2, 4, 0, 2, 0, 1, 0, 3, 1),
(30, 'Eastern Knights', '4', 0, 0, 0, 0, 0, 0, 0, 1, 0, 0, 0, 0, 4),
(30, 'Eastern Knights', '5', 0, 0, 0, 0, 0, 0, 0, 0, 0, 0, 0, 0, 0),
(30, 'Eastern Knights', '6', 0, 0, 0, 0, 0, 0, 0, 0, 0, 1, 0, 0, 0),
(30, 'Eastern Knights', '7', 0, 0, 0, 0, 0, 0, 0, 0, 0, 0, 0, 0, 0),
(30, 'Eastern Knights', '9', 1, 5, 1, 1, 0, 0, 0, 2, 0, 1, 1, 3, 1),
(30, 'Eastern Knights', '10', 0, 0, 0, 0, 0, 0, 0, 0, 0, 0, 0, 0, 0),
(30, 'Eastern Knights', '0', 0, 0, 0, 0, 0, 0, 0, 0, 0, 0, 0, 0, 0),
(30, 'Eastern Knights', '11', 1, 4, 0, 2, 0, 2, 1, 5, 0, 0, 0, 1, 3),
(31, 'Dog', '1', 2, 7, 0, 2, 0, 0, 1, 2, 0, 0, 0, 5, 0),
(31, 'Dog', '14', 1, 3, 1, 2, 0, 0, 0, 2, 0, 0, 1, 0, 1),
(31, 'Dog', '11', 0, 7, 0, 4, 0, 0, 1, 6, 0, 1, 0, 6, 0),
(31, 'Dog', '12', 2, 6, 0, 2, 1, 1, 2, 1, 0, 1, 1, 2, 0),
(31, 'Dog', '20', 0, 0, 0, 0, 0, 0, 0, 0, 0, 0, 0, 0, 1),
(31, 'Dog', '8', 0, 2, 0, 0, 0, 0, 0, 5, 0, 0, 0, 5, 1),
(31, 'Dog', '19', 0, 0, 0, 0, 0, 0, 0, 0, 1, 0, 0, 0, 1),
(31, 'Dog', '15', 0, 0, 0, 0, 0, 0, 0, 1, 0, 0, 0, 1, 0),
(31, 'Dog', '34', 0, 1, 0, 0, 0, 0, 0, 1, 0, 0, 0, 1, 0),
(31, 'WSND', '32', 6, 18, 2, 7, 0, 0, 2, 5, 0, 4, 1, 3, 2),
(31, 'WSND', '7', 3, 7, 1, 3, 0, 0, 1, 2, 1, 2, 1, 0, 0),
(31, 'WSND', '3', 1, 7, 0, 1, 0, 2, 4, 5, 0, 3, 0, 2, 1),
(31, 'WSND', '1', 1, 3, 0, 0, 0, 0, 2, 1, 3, 3, 0, 3, 0),
(31, 'WSND', '10', 3, 3, 2, 2, 0, 1, 0, 1, 2, 2, 1, 0, 0),
(31, 'WSND', '22', 2, 6, 2, 5, 0, 0, 0, 1, 3, 0, 0, 1, 0),
(32, 'Redeemers 2.0', '13', 2, 10, 0, 4, 0, 0, 1, 0, 0, 0, 0, 4, 0),
(32, 'Redeemers 2.0', '3', 4, 5, 1, 1, 0, 0, 1, 3, 1, 0, 0, 0, 3),
(32, 'Redeemers 2.0', '4', 2, 6, 1, 2, 0, 0, 1, 2, 3, 0, 0, 2, 1),
(32, 'Redeemers 2.0', '23', 3, 8, 2, 4, 0, 0, 2, 2, 1, 1, 0, 3, 2),
(32, 'Redeemers 2.0', '38', 0, 1, 0, 1, 0, 0, 0, 1, 0, 0, 0, 1, 0),
(32, 'Redeemers 2.0', '17', 0, 0, 0, 0, 0, 0, 0, 0, 0, 0, 0, 0, 0),
(32, 'Redeemers 2.0', '7', 0, 0, 0, 0, 0, 0, 0, 0, 0, 0, 0, 0, 0),
(32, 'Redeemers 2.0', '9', 0, 0, 0, 0, 0, 0, 0, 0, 1, 0, 0, 1, 0),
(32, 'Redeemers 2.0', '30', 1, 1, 1, 1, 0, 0, 1, 0, 0, 0, 0, 1, 2),
(32, 'Redeemers 2.0', '21', 0, 0, 0, 0, 0, 0, 0, 0, 0, 0, 0, 0, 0),
(32, 'Redeemers 2.0', '14', 0, 0, 0, 0, 0, 0, 0, 0, 0, 0, 0, 0, 0),
(32, 'Redeemers 2.0', '8', 0, 1, 0, 1, 0, 0, 1, 3, 1, 0, 0, 2, 0),
(32, 'GGDaDaDer', '1', 1, 5, 0, 1, 1, 3, 0, 1, 1, 2, 0, 3, 0),
(32, 'GGDaDaDer', '4', 5, 7, 1, 2, 6, 7, 0, 4, 0, 4, 1, 4, 0),
(32, 'GGDaDaDer', '15', 3, 8, 0, 1, 0, 0, 4, 1, 0, 0, 0, 1, 1),
(32, 'GGDaDaDer', '3', 1, 5, 0, 0, 2, 2, 1, 2, 1, 0, 0, 0, 3),
(33, 'Baby Chinam', '1', 5, 8, 0, 0, 1, 2, 0, 0, 1, 2, 0, 1, 0),
(33, 'Baby Chinam', '16', 4, 4, 1, 1, 0, 0, 1, 2, 2, 0, 0, 1, 1),
(33, 'Baby Chinam', '21', 1, 1, 1, 1, 4, 6, 1, 3, 1, 1, 1, 1, 0),
(33, 'Baby Chinam', '30', 2, 5, 1, 4, 0, 0, 0, 1, 6, 1, 0, 3, 2),
(33, 'Baby Chinam', '12', 0, 3, 0, 3, 0, 0, 1, 1, 0, 0, 0, 0, 0),
(33, 'Baby Chinam', '7', 1, 2, 1, 2, 0, 0, 1, 2, 0, 1, 0, 0, 1),
(33, 'Baby Chinam', '8', 0, 0, 0, 0, 0, 0, 0, 0, 0, 0, 0, 0, 0),
(33, 'Baby Chinam', '11', 5, 7, 1, 2, 1, 2, 0, 3, 0, 3, 2, 0, 0),
(33, 'Baby Chinam', '0', 0, 0, 0, 0, 1, 2, 0, 0, 0, 1, 0, 1, 2),
(33, 'Why not', '0', 1, 7, 1, 3, 1, 2, 0, 1, 1, 1, 0, 1, 1),
(33, 'Why not', '7', 0, 0, 0, 0, 0, 0, 0, 0, 0, 0, 0, 0, 0),
(33, 'Why not', '1', 0, 2, 0, 0, 0, 0, 0, 0, 0, 0, 0, 0, 0),
(33, 'Why not', '8', 1, 5, 0, 1, 2, 2, 1, 4, 0, 0, 0, 1, 1),
(33, 'Why not', '4', 0, 0, 0, 0, 0, 0, 0, 0, 0, 0, 0, 0, 0),
(33, 'Why not', '10', 0, 2, 0, 0, 0, 0, 0, 0, 1, 0, 0, 1, 0),
(33, 'Why not', '3', 3, 3, 3, 3, 0, 0, 0, 0, 1, 1, 0, 1, 1),
(33, 'Why not', '2', 0, 0, 0, 0, 0, 0, 0, 0, 0, 0, 0, 0, 0),
(33, 'Why not', '11', 0, 0, 0, 0, 0, 0, 0, 0, 0, 0, 0, 0, 0),
(33, 'Why not', '9', 1, 2, 0, 1, 0, 0, 1, 2, 0, 0, 0, 0, 0),
(33, 'Why not', '5', 1, 5, 0, 2, 0, 0, 1, 0, 0, 0, 0, 0, 3),
(33, 'Why not', '6', 1, 6, 0, 1, 2, 6, 3, 0, 0, 1, 0, 1, 0),
(36, 'PHD', '10', 2, 8, 0, 1, 4, 4, 1, 2, 1, 1, 0, 2, 1),
(36, 'PHD', '23', 4, 11, 1, 2, 1, 2, 4, 9, 0, 0, 1, 0, 4),
(36, 'PHD', '24', 3, 9, 0, 2, 3, 7, 0, 0, 3, 5, 0, 2, 3),
(36, 'PHD', '0', 1, 4, 0, 0, 0, 0, 0, 3, 1, 0, 0, 0, 2),
(36, 'PHD', '21', 1, 4, 0, 2, 0, 0, 3, 0, 0, 0, 0, 0, 1),
(36, 'PHD', '1', 1, 3, 0, 0, 0, 0, 0, 1, 0, 0, 0, 1, 0),
(36, 'PHD', '11', 1, 7, 0, 0, 0, 0, 3, 0, 0, 0, 0, 1, 4),
(36, 'NiShuoDeDui', '0', 0, 3, 0, 1, 2, 2, 2, 3, 0, 0, 0, 0, 0),
(36, 'NiShuoDeDui', '2', 1, 2, 0, 0, 0, 0, 1, 5, 0, 0, 0, 1, 1),
(37, 'Gyzers', '0', 1, 2, 0, 1, 0, 1, 0, 1, 1, 0, 0, 0, 0),
(37, 'Gyzers', '23', 1, 2, 0, 0, 0, 0, 1, 1, 2, 1, 0, 0, 1),
(37, 'Gyzers', '1', 1, 2, 0, 0, 1, 2, 0, 1, 0, 0, 2, 0, 0),
(37, 'Gyzers', '3', 2, 4, 0, 0, 0, 0, 0, 1, 0, 0, 0, 1, 0),
(37, 'Gyzers', '8', 3, 6, 0, 1, 2, 3, 1, 1, 1, 0, 1, 0, 0),
(37, 'Gyzers', '17', 3, 3, 0, 0, 0, 0, 1, 2, 3, 0, 0, 1, 1),
(37, 'Gyzers', '9', 3, 5, 0, 0, 0, 0, 1, 2, 1, 0, 0, 0, 0),
(37, 'Gyzers', '12', 1, 1, 0, 0, 0, 0, 1, 2, 0, 0, 0, 0, 0),
(37, 'Gyzers', '27', 0, 2, 0, 0, 0, 0, 0, 0, 0, 0, 0, 0, 0),
(37, 'Gyzers', '29', 2, 4, 0, 0, 0, 2, 3, 5, 1, 1, 1, 0, 0),
(37, 'Gyzers', '18', 0, 1, 0, 0, 1, 2, 1, 1, 1, 0, 0, 1, 0),
(37, 'Gyzers', '33', 2, 3, 0, 1, 0, 0, 0, 1, 1, 1, 0, 0, 0),
(37, 'Mars', '9', 0, 0, 0, 0, 0, 0, 0, 0, 0, 0, 0, 0, 0),
(37, 'Mars', '17', 0, 0, 0, 0, 0, 0, 0, 0, 0, 0, 0, 0, 0),
(37, 'Mars', '10', 0, 2, 0, 0, 0, 0, 0, 3, 0, 0, 0, 3, 1),
(37, 'Mars', '4', 3, 10, 1, 3, 1, 2, 1, 2, 0, 1, 0, 4, 4),
(37, 'Mars', '7', 1, 6, 1, 6, 0, 0, 0, 0, 0, 0, 0, 3, 1),
(37, 'Mars', '24', 0, 0, 0, 1, 0, 0, 0, 0, 0, 0, 0, 0, 0),
(37, 'Mars', '1', 0, 2, 0, 1, 0, 0, 1, 0, 0, 1, 0, 1, 0),
(38, 'ChiXinJueDui', '5', 3, 7, 0, 0, 0, 0, 0, 3, 1, 0, 0, 0, 1),
(38, 'ChiXinJueDui', '4', 1, 4, 0, 0, 3, 4, 0, 0, 1, 2, 0, 3, 1),
(38, 'ChiXinJueDui', '2', 3, 8, 1, 3, 1, 2, 0, 4, 1, 4, 0, 2, 1),
(38, 'ChiXinJueDui', '10', 0, 2, 0, 0, 0, 0, 2, 1, 0, 1, 0, 1, 1),
(38, 'ChiXinJueDui', '25', 3, 6, 0, 1, 0, 0, 0, 2, 1, 2, 0, 0, 1),
(38, 'ChiXinJueDui', '3', 2, 5, 0, 0, 0, 0, 0, 0, 1, 2, 0, 0, 2),
(38, 'ChiXinJueDui', '12', 0, 0, 0, 0, 0, 0, 0, 0, 0, 0, 0, 0, 1),
(38, 'ChiXinJueDui', '11', 0, 0, 0, 0, 0, 0, 0, 0, 0, 0, 0, 0, 0),
(38, 'ChiXinJueDui', '6', 0, 0, 0, 0, 0, 0, 0, 0, 0, 0, 0, 0, 0),
(38, 'Guts', '10', 0, 6, 0, 5, 0, 0, 0, 4, 0, 0, 1, 4, 1),
(38, 'Guts', '8', 1, 1, 0, 0, 1, 2, 1, 0, 0, 0, 0, 1, 1),
(38, 'Guts', '6', 1, 3, 0, 0, 0, 4, 1, 0, 0, 0, 2, 2, 1),
(38, 'Guts', '5', 0, 3, 0, 0, 0, 0, 0, 1, 1, 0, 0, 0, 0),
(38, 'Guts', '4', 0, 0, 0, 0, 1, 2, 3, 1, 0, 0, 0, 2, 1),
(38, 'Guts', '1', 2, 5, 2, 5, 0, 0, 1, 3, 0, 0, 1, 2, 2),
(38, 'Guts', '0', 0, 2, 0, 2, 0, 0, 0, 0, 0, 0, 0, 1, 1),
(38, 'Guts', '2', 0, 0, 0, 0, 0, 0, 0, 0, 1, 0, 0, 2, 1),
(41, 'NiShuoDeDui', '7', 2, 9, 1, 2, 0, 0, 3, 4, 1, 1, 0, 1, 3),
(41, 'NiShuoDeDui', '0', 0, 5, 0, 0, 1, 4, 7, 0, 1, 2, 0, 0, 1),
(41, 'NiShuoDeDui', '3', 1, 1, 0, 0, 0, 0, 0, 2, 2, 2, 0, 0, 0),
(41, 'NiShuoDeDui', '1', 2, 3, 0, 0, 2, 2, 0, 0, 1, 1, 0, 1, 1),
(41, 'NiShuoDeDui', '8', 1, 3, 0, 0, 0, 0, 0, 2, 1, 1, 0, 1, 1),
(41, 'NiShuoDeDui', '6', 4, 8, 0, 1, 0, 0, 2, 2, 0, 0, 0, 3, 0),
(41, 'NiShuoDeDui', '9', 0, 0, 0, 1, 0, 0, 0, 0, 0, 0, 0, 0, 0),
(41, 'NiShuoDeDui', '11', 2, 10, 2, 9, 1, 2, 1, 2, 1, 2, 0, 1, 2),
(41, 'Mars', '9', 3, 5, 0, 0, 0, 0, 0, 3, 0, 1, 0, 1, 4),
(41, 'Mars', '4', 5, 12, 1, 3, 1, 6, 0, 6, 2, 2, 0, 5, 2),
(41, 'Mars', '24', 2, 5, 0, 0, 0, 0, 1, 1, 1, 2, 0, 3, 0),
(41, 'Mars', '28', 2, 3, 0, 0, 0, 0, 0, 0, 0, 2, 0, 1, 2),
(41, 'Mars', '0', 0, 3, 0, 3, 0, 0, 0, 0, 0, 0, 0, 2, 2),
(40, 'PHD', '10', 2, 4, 1, 3, 0, 0, 0, 5, 7, 0, 0, 4, 4),
(40, 'PHD', '23', 4, 4, 0, 0, 1, 2, 2, 4, 0, 2, 0, 0, 0),
(40, 'PHD', '24', 0, 2, 0, 1, 3, 8, 0, 2, 0, 2, 0, 1, 1),
(40, 'PHD', '0', 1, 3, 0, 0, 0, 0, 0, 0, 0, 0, 0, 0, 0),
(40, 'PHD', '21', 3, 8, 3, 8, 0, 0, 1, 0, 0, 0, 0, 3, 3),
(40, 'PHD', '11', 0, 2, 0, 0, 3, 6, 2, 3, 1, 0, 0, 1, 3),
(40, 'ChiXinJueDui', '5', 3, 11, 0, 0, 4, 6, 0, 0, 2, 0, 0, 4, 0),
(40, 'ChiXinJueDui', '4', 2, 2, 0, 0, 0, 0, 0, 2, 1, 0, 0, 1, 1),
(40, 'ChiXinJueDui', '2', 2, 6, 0, 3, 0, 0, 0, 3, 0, 0, 1, 0, 3),
(40, 'ChiXinJueDui', '10', 2, 6, 0, 0, 1, 3, 3, 0, 0, 1, 0, 2, 0),
(40, 'ChiXinJueDui', '25', 0, 2, 0, 0, 0, 0, 0, 1, 0, 1, 0, 1, 5),
(40, 'ChiXinJueDui', '3', 0, 1, 0, 0, 0, 0, 2, 2, 0, 2, 0, 2, 0),
(39, 'Gyzers', '0', 0, 1, 0, 0, 1, 2, 0, 0, 0, 1, 0, 1, 0),
(39, 'Gyzers', '27', 1, 4, 1, 2, 1, 1, 0, 3, 1, 1, 0, 0, 0),
(39, 'Gyzers', '1', 3, 4, 0, 1, 0, 0, 1, 1, 1, 0, 0, 0, 0),
(39, 'Gyzers', '3', 3, 5, 0, 0, 0, 0, 0, 1, 1, 4, 0, 0, 0),
(39, 'Gyzers', '8', 3, 4, 0, 0, 0, 2, 1, 4, 1, 0, 0, 0, 0),
(39, 'Gyzers', '17', 3, 10, 1, 4, 2, 6, 0, 3, 2, 4, 0, 2, 0),
(39, 'Gyzers', '9', 1, 3, 0, 1, 0, 0, 1, 2, 1, 0, 0, 0, 1),
(39, 'Gyzers', '11', 2, 2, 0, 0, 0, 0, 1, 2, 0, 0, 0, 0, 0),
(39, 'Gyzers', '29', 3, 3, 0, 0, 1, 2, 2, 3, 2, 0, 1, 0, 0),
(39, 'Gyzers', '18', 0, 1, 0, 0, 1, 2, 0, 0, 0, 2, 0, 0, 1),
(39, 'Gyzers', '33', 2, 7, 0, 3, 1, 1, 0, 1, 0, 3, 0, 1, 0),
(39, 'Gyzers', '12', 1, 3, 0, 1, 0, 0, 3, 2, 1, 1, 0, 0, 0),
(39, 'Guts', '10', 1, 10, 1, 9, 0, 0, 0, 2, 1, 0, 0, 2, 3),
(39, 'Guts', '8', 0, 2, 0, 0, 0, 0, 3, 1, 0, 1, 0, 2, 0),
(39, 'Guts', '6', 2, 5, 0, 0, 0, 1, 2, 8, 1, 1, 1, 2, 2),
(39, 'Guts', '1', 2, 4, 2, 4, 0, 1, 0, 0, 0, 1, 0, 1, 0),
(39, 'Guts', '0', 2, 4, 2, 3, 0, 0, 0, 0, 1, 0, 0, 5, 5),
(39, 'Guts', '2', 1, 7, 0, 4, 0, 0, 0, 1, 1, 0, 0, 2, 4),
(43, 'BIG TOTOROS', '13', 0, 1, 0, 0, 0, 0, 0, 4, 0, 2, 0, 0, 0),
(43, 'BIG TOTOROS', '6', 5, 16, 2, 7, 2, 4, 0, 4, 1, 2, 1, 0, 4),
(43, 'BIG TOTOROS', '22', 1, 5, 0, 3, 0, 0, 0, 0, 0, 0, 0, 0, 0),
(43, 'BIG TOTOROS', '2', 0, 2, 0, 0, 2, 2, 1, 3, 0, 1, 0, 1, 4),
(43, 'BIG TOTOROS', '9', 2, 3, 0, 0, 0, 1, 0, 1, 0, 0, 0, 0, 0),
(43, 'BIG TOTOROS', '1', 0, 5, 0, 2, 0, 0, 0, 2, 0, 1, 0, 1, 0),
(43, 'BIG TOTOROS', '10', 0, 2, 0, 1, 0, 0, 0, 1, 0, 0, 0, 0, 0),
(43, 'SPLASH', '11', 1, 6, 0, 2, 1, 1, 1, 5, 0, 0, 0, 1, 0),
(43, 'SPLASH', '0', 1, 5, 0, 0, 3, 4, 2, 1, 1, 0, 0, 0, 0),
(43, 'SPLASH', '78', 0, 0, 0, 0, 1, 2, 1, 0, 0, 0, 1, 0, 1),
(43, 'SPLASH', '3', 4, 6, 2, 2, 2, 4, 0, 5, 0, 0, 0, 2, 1),
(43, 'SPLASH', '20', 1, 4, 0, 1, 0, 0, 0, 0, 0, 1, 0, 1, 0),
(43, 'SPLASH', '1', 0, 3, 0, 0, 0, 2, 2, 1, 0, 0, 0, 0, 2),
(43, 'SPLASH', '21', 0, 2, 0, 1, 1, 2, 0, 1, 0, 0, 0, 1, 1),
(43, 'SPLASH', '30', 0, 1, 0, 0, 0, 0, 0, 0, 1, 0, 1, 0, 0),
(43, 'SPLASH', '12', 0, 0, 0, 0, 0, 0, 0, 0, 0, 0, 0, 1, 0),
(42, 'SPA', '1', 0, 4, 0, 0, 4, 8, 2, 2, 3, 2, 0, 0, 1),
(42, 'SPA', '3', 3, 8, 1, 4, 0, 0, 0, 2, 0, 3, 0, 2, 1),
(42, 'SPA', '7', 3, 7, 0, 1, 0, 0, 0, 7, 0, 0, 0, 1, 2),
(42, 'SPA', '15', 1, 3, 0, 0, 0, 0, 3, 1, 1, 1, 0, 2, 2),
(42, 'SPA', '99', 1, 10, 0, 1, 3, 4, 1, 3, 0, 1, 0, 1, 0),
(42, 'SPA', '27', 0, 2, 0, 1, 0, 0, 1, 0, 0, 1, 0, 0, 1),
(42, 'SPA', '34', 0, 1, 0, 0, 0, 0, 0, 1, 1, 1, 0, 0, 1),
(42, 'Why Not', '0', 2, 7, 1, 4, 0, 0, 1, 1, 0, 0, 0, 3, 3),
(42, 'Why Not', '7', 5, 11, 0, 0, 2, 2, 0, 0, 0, 0, 0, 2, 3),
(42, 'Why Not', '1', 1, 4, 0, 0, 1, 1, 0, 3, 1, 0, 0, 0, 0),
(42, 'Why Not', '8', 0, 4, 0, 1, 0, 2, 3, 10, 0, 0, 0, 3, 0),
(42, 'Why Not', '9', 0, 6, 0, 1, 0, 0, 3, 4, 1, 0, 0, 3, 0),
(42, 'Why Not', '5', 0, 2, 0, 1, 0, 0, 0, 2, 2, 1, 0, 0, 3),
(42, 'Why Not', '6', 0, 0, 0, 0, 0, 0, 0, 0, 0, 0, 0, 1, 0),
(45, 'Redeemers 2.0', '9', 0, 0, 0, 0, 0, 0, 0, 0, 0, 1, 0, 0, 0),
(45, 'Redeemers 2.0', '13', 0, 7, 0, 1, 1, 4, 0, 1, 2, 1, 0, 0, 1),
(45, 'Redeemers 2.0', '3', 1, 1, 0, 0, 0, 0, 4, 1, 0, 0, 0, 0, 2),
(45, 'Redeemers 2.0', '4', 4, 8, 2, 3, 0, 0, 0, 2, 0, 3, 0, 4, 0),
(45, 'Redeemers 2.0', '23', 0, 2, 0, 0, 1, 2, 1, 0, 0, 2, 0, 0, 1),
(45, 'Redeemers 2.0', '38', 1, 6, 0, 3, 0, 0, 1, 1, 0, 1, 0, 2, 1),
(45, 'Redeemers 2.0', '7', 0, 1, 0, 0, 1, 2, 0, 0, 1, 1, 0, 0, 1),
(45, 'Redeemers 2.0', '5', 0, 0, 0, 0, 0, 0, 0, 0, 0, 0, 0, 0, 1),
(45, 'Redeemers 2.0', '21', 1, 2, 0, 0, 0, 0, 0, 1, 0, 1, 0, 0, 0),
(45, 'Redeemers 2.0', '30', 1, 5, 1, 3, 2, 2, 1, 0, 0, 3, 0, 0, 0),
(45, 'Redeemers 2.0', '14', 1, 1, 0, 0, 0, 0, 0, 1, 0, 0, 0, 0, 1),
(45, 'Redeemers 2.0', '8', 2, 3, 0, 0, 1, 2, 0, 0, 0, 1, 0, 0, 1),
(47, 'Blackjack', '8', 2, 7, 1, 5, 0, 0, 1, 0, 0, 0, 0, 0, 0),
(47, 'Blackjack', '1', 4, 4, 4, 4, 1, 2, 0, 0, 0, 0, 0, 1, 0),
(47, 'Blackjack', '7', 2, 6, 0, 0, 2, 6, 1, 3, 1, 2, 0, 0, 0),
(47, 'Blackjack', '5', 0, 0, 0, 0, 0, 0, 0, 0, 0, 0, 0, 0, 0),
(47, 'Blackjack', '0', 0, 4, 0, 4, 0, 0, 0, 0, 1, 0, 0, 0, 0),
(47, 'Blackjack', '2', 1, 2, 0, 0, 0, 0, 1, 2, 2, 1, 0, 0, 0),
(47, 'Blackjack', '3', 0, 0, 0, 0, 0, 0, 0, 0, 0, 1, 0, 0, 0),
(47, 'Blackjack', '6', 2, 9, 1, 7, 0, 0, 1, 3, 4, 0, 0, 1, 0),
(47, 'Blackjack', '10', 1, 2, 0, 0, 0, 0, 0, 4, 0, 0, 0, 1, 2),
(46, 'WSND', '32', 3, 12, 1, 5, 0, 0, 3, 4, 1, 1, 0, 4, 3),
(46, 'WSND', '7', 2, 6, 2, 3, 0, 0, 1, 3, 2, 4, 1, 1, 0),
(46, 'WSND', '3', 5, 11, 0, 1, 1, 2, 6, 3, 1, 1, 0, 1, 0),
(46, 'WSND', '1', 1, 4, 0, 0, 0, 0, 2, 1, 2, 1, 0, 1, 2),
(46, 'WSND', '10', 3, 9, 1, 3, 0, 0, 0, 5, 1, 1, 1, 4, 1),
(46, 'WSND', '6', 0, 0, 0, 0, 0, 0, 0, 0, 1, 0, 0, 0, 0),
(46, 'WSND', '22', 0, 1, 0, 1, 0, 0, 0, 0, 0, 0, 0, 0, 0),
(45, 'Eastern Knights', '1', 2, 6, 0, 1, 1, 2, 0, 1, 1, 1, 1, 14, 1),
(45, 'Eastern Knights', '3', 0, 0, 0, 0, 0, 0, 0, 0, 0, 0, 0, 0, 1),
(45, 'Eastern Knights', '4', 0, 0, 0, 0, 0, 0, 0, 4, 1, 0, 0, 0, 4),
(45, 'Eastern Knights', '5', 0, 1, 0, 1, 0, 0, 0, 1, 0, 1, 0, 1, 1),
(45, 'Eastern Knights', '6', 0, 0, 0, 0, 0, 0, 0, 0, 0, 1, 0, 0, 0),
(45, 'Eastern Knights', '7', 0, 0, 0, 0, 0, 0, 0, 0, 1, 0, 0, 0, 0),
(45, 'Eastern Knights', '8', 1, 2, 0, 1, 0, 0, 0, 0, 0, 0, 0, 0, 0),
(45, 'Eastern Knights', '9', 2, 4, 2, 4, 0, 0, 0, 5, 0, 0, 0, 4, 0),
(45, 'Eastern Knights', '10', 0, 2, 0, 0, 0, 0, 1, 0, 0, 0, 0, 1, 1),
(45, 'Eastern Knights', '0', 0, 1, 0, 0, 0, 0, 1, 0, 0, 0, 0, 3, 1),
(45, 'Eastern Knights', '11', 1, 1, 0, 0, 2, 2, 0, 4, 0, 1, 0, 3, 5),
(46, 'GGDaDaDer', '1', 0, 5, 0, 3, 0, 0, 0, 4, 4, 4, 0, 4, 2),
(46, 'GGDaDaDer', '4', 4, 7, 0, 0, 3, 5, 0, 5, 1, 2, 0, 4, 3),
(46, 'GGDaDaDer', '10', 1, 6, 1, 5, 1, 2, 1, 2, 1, 1, 0, 4, 0),
(46, 'GGDaDaDer', '3', 2, 4, 0, 0, 0, 0, 0, 3, 3, 1, 0, 3, 0),
(46, 'GGDaDaDer', '15', 4, 9, 0, 1, 0, 0, 2, 2, 0, 1, 0, 1, 2),
(47, 'Dog', '1', 2, 6, 0, 1, 0, 0, 0, 1, 0, 1, 1, 0, 0),
(47, 'Dog', '14', 5, 12, 2, 7, 0, 0, 2, 1, 0, 0, 0, 2, 0),
(47, 'Dog', '11', 1, 4, 0, 2, 0, 0, 1, 0, 1, 0, 0, 1, 2),
(47, 'Dog', '20', 0, 4, 0, 3, 0, 0, 0, 1, 0, 0, 0, 1, 0),
(47, 'Dog', '8', 1, 5, 0, 1, 2, 4, 1, 1, 0, 0, 0, 1, 0),
(47, 'Dog', '19', 1, 1, 0, 1, 0, 0, 0, 0, 0, 0, 0, 0, 0),
(47, 'Dog', '15', 0, 0, 0, 0, 0, 0, 0, 0, 0, 0, 0, 0, 0),
(47, 'Dog', '33', 0, 0, 0, 0, 0, 0, 0, 0, 0, 0, 0, 0, 0),
(47, 'Dog', '34', 0, 0, 0, 0, 0, 0, 0, 0, 0, 0, 0, 0, 0),
(45, 'Redeemers 2.0', '11', 0, 0, 0, 0, 2, 2, 0, 1, 0, 0, 0, 0, 0),
(48, 'Gyzers', '0', 3, 9, 1, 5, 1, 2, 1, 2, 5, 4, 0, 2, 1),
(48, 'Gyzers', '5', 7, 10, 0, 0, 0, 0, 1, 7, 2, 3, 1, 1, 2),
(48, 'Gyzers', '1', 4, 9, 2, 4, 1, 2, 3, 0, 1, 2, 0, 0, 1),
(48, 'Gyzers', '3', 6, 11, 3, 4, 2, 2, 3, 4, 5, 1, 1, 3, 2),
(48, 'Gyzers', '8', 5, 8, 0, 1, 2, 2, 3, 0, 1, 3, 1, 1, 1),
(48, 'Gyzers', '17', 4, 9, 0, 1, 1, 2, 2, 0, 0, 0, 0, 0, 0),
(48, 'Gyzers', '9', 2, 2, 2, 2, 0, 0, 0, 2, 2, 0, 0, 0, 1),
(48, 'Gyzers', '12', 0, 0, 0, 0, 1, 2, 1, 0, 0, 1, 0, 0, 1),
(48, 'Gyzers', '11', 0, 2, 0, 0, 0, 0, 1, 0, 0, 0, 0, 0, 1),
(48, 'Gyzers', '29', 0, 0, 0, 0, 1, 2, 1, 1, 0, 0, 0, 0, 0),
(48, 'Gyzers', '23', 0, 2, 0, 0, 0, 0, 1, 0, 0, 4, 0, 0, 0),
(48, 'Gyzers', '33', 1, 2, 0, 1, 1, 2, 0, 0, 1, 3, 0, 2, 0),
(48, 'ChiXinJueDui', '5', 4, 15, 2, 8, 1, 1, 0, 1, 5, 0, 0, 10, 0),
(48, 'ChiXinJueDui', '2', 5, 10, 2, 5, 1, 2, 2, 2, 1, 2, 0, 5, 1),
(48, 'ChiXinJueDui', '10', 4, 7, 0, 1, 4, 6, 3, 0, 0, 3, 0, 3, 3),
(48, 'ChiXinJueDui', '25', 1, 6, 0, 0, 0, 0, 3, 2, 0, 1, 0, 3, 3),
(48, 'ChiXinJueDui', '3', 0, 2, 0, 0, 0, 0, 0, 3, 1, 0, 0, 0, 3),
(48, 'ChiXinJueDui', '11', 0, 0, 0, 0, 0, 0, 0, 0, 0, 0, 0, 1, 1),
(48, 'ChiXinJueDui', '6', 0, 0, 0, 0, 0, 0, 0, 0, 0, 1, 0, 2, 1),
(48, 'ChiXinJueDui', '13', 0, 0, 0, 1, 0, 0, 0, 4, 0, 0, 0, 2, 1),
(49, 'PHD', '10', 2, 7, 0, 1, 3, 4, 1, 3, 0, 0, 0, 4, 1),
(49, 'PHD', '23', 2, 10, 0, 0, 2, 2, 4, 3, 2, 0, 1, 1, 2),
(49, 'PHD', '24', 6, 10, 2, 3, 0, 2, 3, 1, 0, 1, 0, 2, 4),
(49, 'PHD', '0', 3, 5, 0, 0, 3, 4, 1, 1, 0, 0, 0, 2, 4),
(49, 'PHD', '21', 3, 5, 0, 1, 0, 0, 1, 1, 0, 1, 0, 0, 3),
(49, 'PHD', '91', 0, 0, 0, 0, 1, 2, 0, 0, 0, 0, 0, 0, 2),
(49, 'PHD', '1', 0, 3, 0, 0, 0, 0, 1, 2, 0, 1, 0, 0, 0),
(49, 'PHD', '11', 3, 3, 0, 0, 2, 5, 2, 3, 0, 2, 0, 1, 2),
(51, 'WSND', '32', 8, 25, 2, 13, 1, 5, 1, 5, 3, 7, 0, 4, 4),
(51, 'WSND', '7', 1, 3, 0, 1, 1, 2, 0, 0, 0, 2, 0, 1, 1),
(51, 'WSND', '3', 6, 12, 0, 0, 0, 0, 3, 3, 1, 7, 2, 2, 1),
(51, 'WSND', '1', 1, 2, 0, 0, 2, 4, 2, 2, 1, 1, 0, 0, 5),
(51, 'WSND', '10', 2, 8, 1, 2, 2, 4, 1, 2, 0, 1, 0, 2, 4),
(51, 'WSND', '6', 0, 0, 0, 0, 0, 0, 0, 0, 0, 0, 0, 0, 0),
(51, 'WSND', '22', 0, 0, 0, 0, 0, 0, 0, 0, 0, 0, 0, 0, 0),
(51, 'WSND', '30', 1, 6, 1, 5, 0, 0, 0, 4, 0, 0, 0, 0, 1),
(49, 'GGDaDaDer', '1', 2, 13, 0, 1, 1, 2, 2, 2, 0, 3, 0, 2, 5),
(49, 'GGDaDaDer', '4', 2, 9, 0, 2, 6, 6, 1, 6, 1, 5, 1, 1, 4),
(49, 'GGDaDaDer', '10', 5, 9, 2, 5, 0, 0, 1, 3, 0, 1, 0, 2, 3),
(49, 'GGDaDaDer', '2', 2, 5, 0, 0, 0, 0, 0, 2, 0, 0, 0, 2, 1),
(49, 'GGDaDaDer', '3', 2, 3, 0, 0, 3, 4, 2, 1, 0, 0, 1, 0, 1),
(49, 'GGDaDaDer', '15', 3, 3, 0, 0, 1, 4, 0, 3, 0, 0, 1, 1, 2),
(51, 'SPLASH', '11', 1, 10, 0, 7, 5, 6, 0, 9, 3, 0, 0, 4, 1),
(51, 'SPLASH', '0', 2, 5, 1, 1, 0, 0, 1, 1, 0, 3, 0, 1, 2),
(51, 'SPLASH', '78', 0, 0, 0, 0, 1, 2, 1, 2, 0, 0, 0, 1, 0),
(51, 'SPLASH', '5', 6, 12, 1, 1, 1, 2, 1, 4, 1, 0, 0, 1, 0),
(51, 'SPLASH', '3', 3, 8, 2, 5, 2, 2, 1, 9, 0, 0, 0, 18, 0),
(51, 'SPLASH', '20', 0, 0, 0, 0, 0, 0, 0, 0, 0, 0, 0, 0, 0),
(51, 'SPLASH', '1', 0, 1, 0, 0, 0, 0, 1, 2, 0, 0, 0, 0, 0),
(51, 'SPLASH', '21', 1, 4, 0, 1, 0, 0, 2, 2, 0, 0, 0, 1, 0),
(51, 'SPLASH', '30', 0, 0, 0, 0, 0, 0, 0, 0, 0, 0, 0, 0, 0),
(51, 'SPLASH', '12', 0, 0, 0, 0, 0, 0, 0, 0, 0, 0, 0, 0, 0),
(51, 'SPLASH', '33', 0, 0, 0, 0, 0, 0, 0, 0, 0, 0, 0, 0, 0),
(50, 'Baby Chinam', '1', 7, 11, 1, 1, 1, 1, 2, 4, 1, 3, 0, 0, 2),
(50, 'Baby Chinam', '21', 0, 0, 0, 0, 0, 0, 0, 0, 0, 0, 0, 0, 0),
(50, 'Baby Chinam', '16', 1, 10, 0, 3, 0, 0, 1, 0, 2, 3, 0, 1, 2),
(50, 'Baby Chinam', '30', 6, 14, 5, 12, 0, 0, 0, 1, 4, 1, 0, 2, 0),
(50, 'Baby Chinam', '12', 0, 2, 0, 0, 0, 0, 1, 1, 0, 1, 0, 1, 2),
(50, 'Baby Chinam', '7', 0, 2, 0, 0, 0, 0, 0, 1, 0, 0, 0, 0, 1),
(50, 'Baby Chinam', '8', 0, 0, 0, 0, 0, 0, 0, 2, 0, 0, 0, 0, 0),
(50, 'Baby Chinam', '11', 8, 12, 0, 1, 6, 10, 3, 3, 2, 3, 0, 1, 3),
(50, 'Baby Chinam', '0', 0, 0, 0, 0, 0, 0, 0, 0, 0, 0, 0, 0, 0),
(50, 'SPA', '1', 1, 2, 0, 0, 2, 2, 2, 3, 7, 2, 0, 5, 4),
(50, 'SPA', '3', 6, 13, 4, 6, 1, 2, 0, 1, 2, 1, 0, 1, 1),
(50, 'SPA', '7', 5, 10, 0, 1, 1, 1, 2, 5, 2, 1, 0, 5, 2),
(50, 'SPA', '15', 2, 3, 0, 0, 3, 5, 1, 1, 0, 0, 0, 1, 2),
(50, 'SPA', '99', 2, 9, 0, 2, 2, 3, 2, 3, 0, 0, 0, 3, 3),
(50, 'SPA', '27', 0, 0, 0, 0, 0, 0, 0, 0, 0, 0, 0, 0, 0),
(50, 'SPA', '0', 0, 0, 0, 0, 0, 0, 0, 0, 0, 0, 0, 0, 0);
INSERT INTO `PlayerStat` (`GameID`, `Team`, `PlayerNumber`, `FG`, `FGA`, `TPFG`, `TPFGA`, `FT`, `FTA`, `OREB`, `DREB`, `ASST`, `STL`, `BLK`, `TOVR`, `FOUL`) VALUES
(50, 'SPA', '34', 0, 3, 0, 2, 0, 0, 1, 4, 0, 0, 0, 1, 0),
(49, 'GGDaDaDer', '0', 1, 2, 0, 1, 0, 3, 0, 2, 5, 0, 0, 6, 3),
(52, 'WSND', '32', 6, 26, 3, 19, 0, 0, 3, 2, 3, 3, 0, 2, 5),
(52, 'WSND', '7', 3, 13, 1, 6, 0, 0, 0, 5, 2, 0, 0, 2, 1),
(52, 'WSND', '3', 3, 5, 0, 0, 0, 1, 3, 5, 1, 1, 0, 0, 0),
(52, 'WSND', '1', 0, 0, 0, 0, 0, 0, 1, 2, 1, 2, 0, 2, 2),
(52, 'WSND', '10', 0, 4, 0, 3, 0, 0, 2, 4, 2, 1, 0, 1, 3),
(52, 'WSND', '6', 0, 4, 0, 2, 0, 0, 1, 1, 0, 0, 0, 1, 1),
(52, 'WSND', '22', 1, 5, 0, 3, 0, 0, 0, 0, 0, 0, 0, 0, 0),
(52, 'WSND', '42', 3, 9, 0, 0, 0, 0, 7, 3, 3, 1, 1, 3, 0),
(52, 'Baby Chinam', '1', 5, 12, 0, 0, 2, 2, 1, 6, 0, 2, 1, 0, 0),
(52, 'Baby Chinam', '30', 2, 7, 1, 6, 0, 0, 1, 3, 3, 0, 0, 3, 2),
(52, 'Baby Chinam', '12', 1, 2, 0, 1, 0, 2, 2, 6, 1, 0, 0, 1, 0),
(52, 'Baby Chinam', '8', 1, 2, 0, 0, 0, 0, 0, 1, 1, 1, 0, 0, 0),
(52, 'Baby Chinam', '11', 1, 5, 1, 2, 0, 0, 0, 6, 1, 1, 0, 1, 0),
(52, 'Baby Chinam', '0', 0, 1, 0, 1, 0, 0, 0, 0, 0, 1, 0, 2, 0),
(52, 'Baby Chinam', '21', 12, 19, 0, 2, 2, 2, 5, 4, 1, 1, 1, 4, 0),
(52, 'Baby Chinam', '16', 2, 7, 1, 3, 0, 0, 2, 0, 3, 1, 0, 2, 0),
(53, 'Gyzers', '0', 3, 4, 3, 3, 0, 0, 0, 1, 2, 1, 0, 1, 1),
(53, 'Gyzers', '5', 5, 7, 0, 0, 3, 5, 2, 5, 4, 3, 0, 1, 0),
(53, 'Gyzers', '1', 5, 7, 1, 1, 0, 0, 1, 1, 1, 2, 0, 0, 3),
(53, 'Gyzers', '3', 5, 6, 3, 3, 1, 3, 1, 2, 1, 2, 1, 4, 0),
(53, 'Gyzers', '8', 0, 0, 0, 0, 3, 6, 1, 3, 3, 0, 0, 0, 1),
(53, 'Gyzers', '9', 0, 1, 0, 0, 0, 0, 0, 1, 0, 0, 0, 0, 0),
(53, 'Gyzers', '12', 0, 1, 0, 0, 1, 2, 0, 0, 0, 1, 0, 1, 0),
(53, 'Gyzers', '27', 0, 0, 0, 0, 0, 0, 0, 1, 0, 1, 0, 0, 1),
(53, 'Gyzers', '29', 1, 4, 0, 0, 0, 0, 0, 1, 0, 0, 2, 1, 0),
(53, 'Gyzers', '33', 1, 4, 1, 2, 1, 2, 0, 1, 2, 0, 0, 0, 0),
(53, 'PHD', '10', 1, 6, 1, 6, 1, 4, 0, 2, 2, 0, 0, 4, 3),
(53, 'PHD', '23', 0, 4, 0, 0, 0, 0, 1, 4, 1, 0, 0, 0, 5),
(53, 'PHD', '24', 2, 10, 2, 5, 0, 0, 1, 2, 0, 0, 0, 6, 0),
(53, 'PHD', '0', 1, 7, 0, 0, 0, 0, 1, 3, 0, 0, 0, 3, 3),
(53, 'PHD', '21', 0, 0, 0, 0, 0, 0, 0, 0, 0, 1, 0, 2, 0),
(53, 'PHD', '28', 0, 1, 0, 1, 0, 0, 0, 1, 0, 0, 0, 1, 0),
(53, 'PHD', '34', 0, 1, 0, 0, 0, 0, 1, 1, 0, 0, 0, 1, 2),
(53, 'PHD', '3', 2, 3, 2, 3, 0, 0, 1, 0, 0, 0, 0, 1, 1),
(53, 'PHD', '13', 0, 0, 0, 0, 0, 2, 1, 0, 1, 0, 0, 1, 1),
(53, 'PHD', '1', 0, 0, 0, 0, 0, 0, 1, 0, 0, 0, 0, 0, 1),
(53, 'PHD', '11', 4, 8, 0, 0, 2, 2, 4, 2, 0, 3, 0, 0, 0),
(53, 'Gyzers', '7', 0, 3, 0, 2, 0, 0, 0, 0, 0, 0, 0, 1, 1),
(53, 'Gyzers', '13', 0, 1, 0, 1, 0, 2, 0, 0, 0, 0, 0, 1, 0),
(54, 'WSND', '32', 10, 22, 3, 9, 2, 3, 0, 7, 4, 3, 2, 4, 4),
(54, 'WSND', '7', 7, 14, 2, 4, 3, 5, 0, 3, 1, 2, 0, 4, 0),
(54, 'WSND', '3', 5, 7, 0, 0, 1, 2, 9, 4, 3, 1, 0, 1, 0),
(54, 'WSND', '1', 0, 2, 0, 0, 0, 0, 2, 2, 0, 0, 0, 3, 0),
(54, 'WSND', '6', 0, 1, 0, 1, 0, 0, 0, 0, 0, 1, 0, 0, 0),
(54, 'WSND', '22', 0, 4, 0, 2, 0, 0, 0, 1, 0, 1, 0, 0, 1),
(54, 'WSND', '42', 3, 6, 0, 0, 2, 2, 3, 5, 1, 4, 0, 0, 3),
(55, 'Baby Chinam', '1', 4, 12, 0, 0, 2, 4, 5, 6, 0, 2, 1, 0, 4),
(55, 'Baby Chinam', '30', 2, 11, 1, 5, 2, 2, 0, 2, 1, 0, 0, 3, 4),
(55, 'Baby Chinam', '12', 0, 2, 0, 1, 0, 0, 2, 3, 0, 0, 0, 1, 5),
(55, 'Baby Chinam', '11', 5, 8, 0, 0, 0, 0, 4, 0, 0, 3, 0, 3, 3),
(55, 'Baby Chinam', '21', 5, 15, 0, 3, 6, 7, 4, 7, 4, 0, 1, 5, 4),
(55, 'Baby Chinam', '16', 2, 6, 1, 1, 0, 0, 1, 2, 5, 0, 0, 2, 5),
(55, 'Gyzers', '0', 0, 0, 0, 0, 0, 0, 0, 2, 0, 2, 0, 1, 5),
(55, 'Gyzers', '5', 4, 6, 0, 0, 3, 6, 1, 5, 3, 1, 0, 2, 5),
(55, 'Gyzers', '1', 2, 9, 1, 4, 7, 8, 0, 5, 3, 2, 0, 1, 3),
(55, 'Gyzers', '3', 8, 16, 2, 3, 0, 0, 1, 2, 1, 1, 0, 3, 0),
(55, 'Gyzers', '8', 4, 4, 0, 0, 8, 10, 1, 1, 0, 2, 0, 1, 1),
(55, 'Gyzers', '33', 1, 3, 0, 2, 0, 0, 0, 0, 0, 0, 0, 0, 1),
(54, 'PHD', '10', 3, 9, 2, 6, 0, 0, 0, 4, 5, 1, 0, 5, 2),
(54, 'PHD', '23', 0, 7, 0, 1, 0, 0, 5, 0, 1, 0, 0, 0, 0),
(54, 'PHD', '24', 4, 18, 2, 9, 1, 2, 1, 1, 0, 2, 0, 3, 2),
(54, 'PHD', '0', 4, 7, 0, 1, 2, 2, 1, 6, 2, 0, 0, 3, 1),
(54, 'PHD', '21', 2, 7, 2, 7, 0, 0, 1, 1, 1, 1, 0, 2, 1),
(54, 'PHD', '91', 0, 1, 0, 0, 0, 0, 1, 1, 0, 0, 0, 0, 3),
(54, 'PHD', '3', 0, 1, 0, 1, 0, 0, 0, 0, 0, 1, 0, 0, 0),
(54, 'PHD', '13', 0, 1, 0, 0, 0, 0, 1, 0, 0, 0, 0, 1, 0),
(54, 'PHD', '1', 0, 1, 0, 0, 0, 2, 0, 1, 0, 1, 1, 0, 0),
(54, 'PHD', '11', 4, 5, 0, 0, 1, 3, 3, 2, 0, 0, 0, 1, 3);

-- --------------------------------------------------------

--
-- 表的结构 `Team`
--

CREATE TABLE IF NOT EXISTS `Team` (
  `Name` varchar(35) NOT NULL,
  `Picture` mediumblob,
  PRIMARY KEY (`Name`)
) ENGINE=InnoDB DEFAULT CHARSET=latin1;

--
-- 转存表中的数据 `Team`
--

INSERT INTO `Team` (`Name`, `Picture`) VALUES
('Baby ChiNam', 0x6e756c6c),
('BIG TOTOROS', 0x6e756c6c),
('Blackjack', 0x6e756c6c),
('ChiXinJueDui', NULL),
('Dog', NULL),
('Eastern Knights', NULL),
('Empire Taste', NULL),
('GGDaDaDer', 0x6e756c6c),
('GUTS', NULL),
('GYZers', NULL),
('MARS', 0x6e756c6c),
('NiShuoDeDui', NULL),
('PHD', 0x6e756c6c),
('Redeemers 2.0', 0x6e756c6c),
('SPA', NULL),
('Splash', 0x6e756c6c),
('Why Not', 0x6e756c6c),
('WSND', 0x6e756c6c);

--
-- 限制导出的表
--

--
-- 限制表 `Game`
--
ALTER TABLE `Game`
  ADD CONSTRAINT `Game_ibfk_1` FOREIGN KEY (`Team1`) REFERENCES `Team` (`Name`),
  ADD CONSTRAINT `Game_ibfk_2` FOREIGN KEY (`Team2`) REFERENCES `Team` (`Name`);

--
-- 限制表 `Player`
--
ALTER TABLE `Player`
  ADD CONSTRAINT `Player_ibfk_1` FOREIGN KEY (`TeamName`) REFERENCES `Team` (`Name`);

--
-- 限制表 `PlayerStat`
--
ALTER TABLE `PlayerStat`
  ADD CONSTRAINT `PlayerStat_ibfk_1` FOREIGN KEY (`GameID`) REFERENCES `Game` (`ID`),
  ADD CONSTRAINT `PlayerStat_ibfk_2` FOREIGN KEY (`Team`, `PlayerNumber`) REFERENCES `Player` (`TeamName`, `Number`);

/*!40101 SET CHARACTER_SET_CLIENT=@OLD_CHARACTER_SET_CLIENT */;
/*!40101 SET CHARACTER_SET_RESULTS=@OLD_CHARACTER_SET_RESULTS */;
/*!40101 SET COLLATION_CONNECTION=@OLD_COLLATION_CONNECTION */;
